{"metadata":{"usedHelpers":[],"marked":[],"modules":{"imports":[{"source":"react","imported":["default","Component","PropTypes"],"specifiers":[{"kind":"named","imported":"default","local":"React"},{"kind":"named","imported":"Component","local":"Component"},{"kind":"named","imported":"PropTypes","local":"PropTypes"}]},{"source":"material-ui/AppBar","imported":["default"],"specifiers":[{"kind":"named","imported":"default","local":"AppBar"}]}],"exports":{"exported":[],"specifiers":[]}}},"options":{"filename":"/imports/ui/AppBarSample.jsx","filenameRelative":"/imports/ui/AppBarSample.jsx","env":{},"retainLines":false,"highlightCode":true,"suppressDeprecationMessages":false,"presets":[],"plugins":[[[],{"polyfill":false}],[[],null],[[],null],[[],null],[[],null],[[],null],[[],null],[[],null],[[],null],[[],null],[[],null],[[],null],[[],null],[[],null],[[],{"loose":true}],[[],{"loose":true}],[[],null],[[],{"loose":true}],[[],null],[[],null],[[],null],[[],null],[[],null],[[],null],[[],null],[[],{"loose":true}],[[],null],[[],null],[[],null],[[],null],[[],null],[[],null],[[],null],[[],null]],"ignore":[],"code":true,"metadata":true,"ast":false,"comments":true,"compact":false,"minified":false,"sourceMap":true,"sourceMaps":true,"sourceMapTarget":"/imports/ui/AppBarSample.jsx.map","sourceFileName":"/imports/ui/AppBarSample.jsx","babelrc":false,"sourceType":"module","moduleIds":false,"passPerPreset":false,"basename":"AppBarSample"},"ignored":false,"code":"var React,Component,PropTypes;module.import('react',{\"default\":function(v){React=v},\"Component\":function(v){Component=v},\"PropTypes\":function(v){PropTypes=v}});var AppBar;module.import('material-ui/AppBar',{\"default\":function(v){AppBar=v}});\n\n\nvar AppBarSample = function AppBarSample() {\n  return React.createElement(AppBar, {\n    title: 'Title',\n    iconClassNameRight: 'muidocs-icon-navigation-expand-more'\n  });\n};\n\nmodule.export(\"default\",exports.default=(AppBarSample));\n\n// Task component - represents a single todo item\n/* export default class AppBarSample extends Component {\n  render() {\n    return (\n      <AppBar\n        title=\"Sample\"\n        iconClassNameRight=\"muidocs-icon-navigation-expand-more\"\n      />\n    );\n  }\n} */\n\n/* Task.propTypes = {\n  // This component gets the task to display through a React prop.\n  // We can use propTypes to indicate it is required\n  task: PropTypes.object.isRequired,\n}; */","ast":null,"map":{"version":3,"sources":["/imports/ui/AppBarSample.jsx"],"names":[],"mappings":"AAAA,OAAO,KAAP,IAAgB,SAAhB,EAA2B,SAA3B,QAA4C,OAA5C;AACA,OAAO,MAAP,MAAmB,oBAAnB;;AAEA,IAAM,eAAe,SAAf,YAAe;AAAA,SACnB,oBAAC,MAAD;AACE,WAAM,OADR;AAEE,wBAAmB;AAFrB,IADmB;AAAA,CAArB;;AAOA,eAAe,YAAf","file":"/imports/ui/AppBarSample.jsx.map","sourcesContent":["import React, { Component, PropTypes } from 'react';\nimport AppBar from 'material-ui/AppBar';\n\nconst AppBarSample = () => (\n  <AppBar\n    title=\"Title\"\n    iconClassNameRight=\"muidocs-icon-navigation-expand-more\"\n  />\n);\n\nexport default AppBarSample;\n\n// Task component - represents a single todo item\n/* export default class AppBarSample extends Component {\n  render() {\n    return (\n      <AppBar\n        title=\"Sample\"\n        iconClassNameRight=\"muidocs-icon-navigation-expand-more\"\n      />\n    );\n  }\n} */\n \n/* Task.propTypes = {\n  // This component gets the task to display through a React prop.\n  // We can use propTypes to indicate it is required\n  task: PropTypes.object.isRequired,\n}; */\n\n\n"]},"hash":"0a4b4704791e71dec8d273dade15bc25eec2d4a0"}
