{"metadata":{"usedHelpers":["inherits","possibleConstructorReturn","classCallCheck"],"marked":[],"modules":{"imports":[{"source":"react","imported":["default","Component"],"specifiers":[{"kind":"named","imported":"default","local":"React"},{"kind":"named","imported":"Component","local":"Component"}]},{"source":"material-ui/styles/MuiThemeProvider","imported":["default"],"specifiers":[{"kind":"named","imported":"default","local":"MuiThemeProvider"}]},{"source":"./ToolBarMain.jsx","imported":["default"],"specifiers":[{"kind":"named","imported":"default","local":"ToolBarMain"}]},{"source":"./TableMain.jsx","imported":["default"],"specifiers":[{"kind":"named","imported":"default","local":"TableMain"}]},{"source":"./Task.jsx","imported":["default"],"specifiers":[{"kind":"named","imported":"default","local":"Task"}]}],"exports":{"exported":["App"],"specifiers":[{"kind":"local","local":"App","exported":"default"}]}}},"options":{"filename":"/imports/ui/App.jsx","filenameRelative":"/imports/ui/App.jsx","env":{},"retainLines":false,"highlightCode":true,"suppressDeprecationMessages":false,"presets":[],"plugins":[[[],{"polyfill":false}],[[],null],[[],null],[[],null],[[],null],[[],null],[[],null],[[],null],[[],null],[[],null],[[],null],[[],null],[[],null],[[],null],[[],null],[[],null],[[],{"loose":true}],[[],{"loose":true}],[[],null],[[],{"loose":true}],[[],null],[[],null],[[],null],[[],null],[[],null],[[],null],[[],null],[[],{"loose":true}],[[],null],[[],null],[[],null],[[],null],[[],null],[[],null],[[],null],[[],null]],"ignore":[],"code":true,"metadata":true,"ast":false,"comments":true,"compact":false,"minified":false,"sourceMap":true,"sourceMaps":true,"sourceMapTarget":"/imports/ui/App.jsx.map","sourceFileName":"/imports/ui/App.jsx","babelrc":false,"sourceType":"module","moduleIds":false,"passPerPreset":false,"basename":"App"},"ignored":false,"code":"var _classCallCheck;module.import('babel-runtime/helpers/classCallCheck',{\"default\":function(v){_classCallCheck=v}});var _possibleConstructorReturn;module.import('babel-runtime/helpers/possibleConstructorReturn',{\"default\":function(v){_possibleConstructorReturn=v}});var _inherits;module.import('babel-runtime/helpers/inherits',{\"default\":function(v){_inherits=v}});var React,Component;module.import('react',{\"default\":function(v){React=v},\"Component\":function(v){Component=v}});var MuiThemeProvider;module.import('material-ui/styles/MuiThemeProvider',{\"default\":function(v){MuiThemeProvider=v}});var ToolBarMain;module.import('./ToolBarMain.jsx',{\"default\":function(v){ToolBarMain=v}});var TableMain;module.import('./TableMain.jsx',{\"default\":function(v){TableMain=v}});var Task;module.import('./Task.jsx',{\"default\":function(v){Task=v}});\n\n\n\n// import RaisedButton from 'material-ui/RaisedButton';\n\n// import AppBarSample from './AppBarSample.jsx';\n\n\n\n\n// App component - represents the whole app\n\nvar App = function (_Component) {\n  _inherits(App, _Component);\n\n  function App() {\n    _classCallCheck(this, App);\n\n    return _possibleConstructorReturn(this, _Component.apply(this, arguments));\n  }\n\n  App.prototype.getTasks = function () {\n    function getTasks() {\n      return [{ _id: 1, text: 'This is task 1' }, { _id: 2, text: 'This is task 2' }, { _id: 3, text: 'This is task 3' }];\n    }\n\n    return getTasks;\n  }();\n\n  App.prototype.renderTasks = function () {\n    function renderTasks() {\n      return this.getTasks().map(function (task) {\n        return React.createElement(Task, { key: task._id, task: task });\n      });\n    }\n\n    return renderTasks;\n  }();\n\n  App.prototype.render = function () {\n    function render() {\n      return React.createElement(\n        MuiThemeProvider,\n        null,\n        React.createElement(\n          'div',\n          { className: 'container' },\n          React.createElement(ToolBarMain, null),\n          'this.props.children'\n        )\n      );\n    }\n\n    return render;\n  }();\n\n  return App;\n}(Component);\n\nmodule.export(\"default\",exports.default=(App));","ast":null,"map":{"version":3,"sources":["/imports/ui/App.jsx"],"names":[],"mappings":";;;AAAA,OAAO,KAAP,IAAgB,SAAhB,QAAiC,OAAjC;;AAEA,OAAO,gBAAP,MAA6B,qCAA7B;;AAEA,OAAO,WAAP,MAAwB,mBAAxB;AACA,OAAO,SAAP,MAAsB,iBAAtB;AACA,OAAO,IAAP,MAAiB,YAAjB;;;;IAIqB,G;;;;;;;;;gBACnB,Q;wBAAW;AACT,aAAO,CACL,EAAE,KAAK,CAAP,EAAU,MAAM,gBAAhB,EADK,EAEL,EAAE,KAAK,CAAP,EAAU,MAAM,gBAAhB,EAFK,EAGL,EAAE,KAAK,CAAP,EAAU,MAAM,gBAAhB,EAHK,CAAP;AAKD;;;;;gBAED,W;2BAAc;AACZ,aAAO,KAAK,QAAL,GAAgB,GAAhB,CAAoB,UAAC,IAAD;AAAA,eACzB,oBAAC,IAAD,IAAM,KAAK,KAAK,GAAhB,EAAqB,MAAM,IAA3B,GADyB;AAAA,OAApB,CAAP;AAGD;;;;;gBAED,M;sBAAS;AACP,aACE;AAAC,wBAAD;AAAA;AACE;AAAA;AAAA,YAAK,WAAU,WAAf;AACE,8BAAC,WAAD,OADF;AAAA;AAAA;AADF,OADF;AAiBD;;;;;;EAjC8B,S;;eAAZ,G","file":"/imports/ui/App.jsx.map","sourcesContent":["import React, { Component } from 'react';\n// import RaisedButton from 'material-ui/RaisedButton'; \nimport MuiThemeProvider from 'material-ui/styles/MuiThemeProvider';\n// import AppBarSample from './AppBarSample.jsx';\nimport ToolBarMain from './ToolBarMain.jsx';\nimport TableMain from './TableMain.jsx';\nimport Task from './Task.jsx';\n\n\n// App component - represents the whole app\nexport default class App extends Component {\n  getTasks() {\n    return [\n      { _id: 1, text: 'This is task 1' },\n      { _id: 2, text: 'This is task 2' },\n      { _id: 3, text: 'This is task 3' },\n    ];\n  }\n \n  renderTasks() {\n    return this.getTasks().map((task) => (\n      <Task key={task._id} task={task} />\n    ));\n  }\n \n  render() {\n    return (\n      <MuiThemeProvider>\n        <div className=\"container\">\n          <ToolBarMain /> \n          {/* <TableMain />\n          <header>\n            <h1>Todo List</h1>\n          </header>\n          <ul>\n            this.renderTasks()\n          </ul>\n        </div>\n        <div className=\"detail\"> */}\n           this.props.children  \n        </div>\n      </MuiThemeProvider>\n    );\n  }\n} \n"]},"hash":"1a047d4db8059526353ff0d66dff35999d5ad6db"}
