{"metadata":{"usedHelpers":[],"marked":[],"modules":{"imports":[{"source":"react","imported":["default"],"specifiers":[{"kind":"named","imported":"default","local":"React"}]},{"source":"material-ui/AppBar","imported":["default"],"specifiers":[{"kind":"named","imported":"default","local":"AppBar"}]}],"exports":{"exported":[],"specifiers":[]}}},"options":{"filename":"/imports/ui/AppBar.jsx","filenameRelative":"/imports/ui/AppBar.jsx","env":{},"retainLines":false,"highlightCode":true,"suppressDeprecationMessages":false,"presets":[],"plugins":[[[],{"polyfill":false}],[[],null],[[],null],[[],null],[[],null],[[],null],[[],null],[[],null],[[],null],[[],null],[[],null],[[],null],[[],null],[[],null],[[],{"loose":true}],[[],{"loose":true}],[[],null],[[],{"loose":true}],[[],null],[[],null],[[],null],[[],null],[[],null],[[],null],[[],null],[[],{"loose":true}],[[],null],[[],null],[[],null],[[],null],[[],null],[[],null],[[],null],[[],null]],"ignore":[],"code":true,"metadata":true,"ast":false,"comments":true,"compact":false,"minified":false,"sourceMap":true,"sourceMaps":true,"sourceMapTarget":"/imports/ui/AppBar.jsx.map","sourceFileName":"/imports/ui/AppBar.jsx","babelrc":false,"sourceType":"module","moduleIds":false,"passPerPreset":false,"basename":"AppBar"},"ignored":false,"code":"var React;module.import('react',{\"default\":function(v){React=v}});var AppBar;module.import('material-ui/AppBar',{\"default\":function(v){AppBar=v}});\n\n\nvar AppBarSample = function AppBarSample() {\n  return React.createElement(AppBar, {\n    title: 'Sample',\n    iconClassNameRight: 'muidocs-icon-navigation-expand-more'\n  });\n};\n\nmodule.export(\"default\",exports.default=(AppBarSample));","ast":null,"map":{"version":3,"sources":["/imports/ui/AppBar.jsx"],"names":[],"mappings":"AAAA,OAAO,KAAP,MAAkB,OAAlB;AACA,OAAO,MAAP,MAAmB,oBAAnB;;AAEA,IAAM,eAAe,SAAf,YAAe;AAAA,SACnB,oBAAC,MAAD;AACE,WAAM,QADR;AAEE,wBAAmB;AAFrB,IADmB;AAAA,CAArB;;AAOA,eAAe,YAAf","file":"/imports/ui/AppBar.jsx.map","sourcesContent":["import React from 'react';\nimport AppBar from 'material-ui/AppBar';\n\nconst AppBarSample = () => (\n  <AppBar\n    title=\"Sample\"\n    iconClassNameRight=\"muidocs-icon-navigation-expand-more\"\n  />\n);\n\nexport default AppBarSample;\n"]},"hash":"2a2b3d43da0d9017bcc2ea8d2ed7593197444f8f"}
