{"metadata":{"usedHelpers":["inherits","possibleConstructorReturn","classCallCheck"],"marked":[],"modules":{"imports":[{"source":"react","imported":["default"],"specifiers":[{"kind":"named","imported":"default","local":"React"}]},{"source":"material-ui/Table","imported":["Table","TableBody","TableFooter","TableHeader","TableHeaderColumn","TableRow","TableRowColumn"],"specifiers":[{"kind":"named","imported":"Table","local":"Table"},{"kind":"named","imported":"TableBody","local":"TableBody"},{"kind":"named","imported":"TableFooter","local":"TableFooter"},{"kind":"named","imported":"TableHeader","local":"TableHeader"},{"kind":"named","imported":"TableHeaderColumn","local":"TableHeaderColumn"},{"kind":"named","imported":"TableRow","local":"TableRow"},{"kind":"named","imported":"TableRowColumn","local":"TableRowColumn"}]},{"source":"material-ui/TextField","imported":["default"],"specifiers":[{"kind":"named","imported":"default","local":"TextField"}]},{"source":"material-ui/Toggle","imported":["default"],"specifiers":[{"kind":"named","imported":"default","local":"Toggle"}]}],"exports":{"exported":["TableMain"],"specifiers":[{"kind":"local","local":"TableMain","exported":"default"}]}}},"options":{"filename":"/imports/ui/TableMain.jsx","filenameRelative":"/imports/ui/TableMain.jsx","env":{},"retainLines":false,"highlightCode":true,"suppressDeprecationMessages":false,"presets":[],"plugins":[[[],{"polyfill":false}],[[],null],[[],null],[[],null],[[],null],[[],null],[[],null],[[],null],[[],null],[[],null],[[],null],[[],null],[[],null],[[],null],[[],null],[[],null],[[],{"loose":true}],[[],{"loose":true}],[[],null],[[],{"loose":true}],[[],null],[[],null],[[],null],[[],null],[[],null],[[],null],[[],null],[[],{"loose":true}],[[],null],[[],null],[[],null],[[],null],[[],null],[[],null],[[],null],[[],null]],"ignore":[],"code":true,"metadata":true,"ast":false,"comments":true,"compact":false,"minified":false,"sourceMap":true,"sourceMaps":true,"sourceMapTarget":"/imports/ui/TableMain.jsx.map","sourceFileName":"/imports/ui/TableMain.jsx","babelrc":false,"sourceType":"module","moduleIds":false,"passPerPreset":false,"basename":"TableMain"},"ignored":false,"code":"var _classCallCheck;module.import('babel-runtime/helpers/classCallCheck',{\"default\":function(v){_classCallCheck=v}});var _possibleConstructorReturn;module.import('babel-runtime/helpers/possibleConstructorReturn',{\"default\":function(v){_possibleConstructorReturn=v}});var _inherits;module.import('babel-runtime/helpers/inherits',{\"default\":function(v){_inherits=v}});var React;module.import('react',{\"default\":function(v){React=v}});var Table,TableBody,TableFooter,TableHeader,TableHeaderColumn,TableRow,TableRowColumn;module.import('material-ui/Table',{\"Table\":function(v){Table=v},\"TableBody\":function(v){TableBody=v},\"TableFooter\":function(v){TableFooter=v},\"TableHeader\":function(v){TableHeader=v},\"TableHeaderColumn\":function(v){TableHeaderColumn=v},\"TableRow\":function(v){TableRow=v},\"TableRowColumn\":function(v){TableRowColumn=v}});var TextField;module.import('material-ui/TextField',{\"default\":function(v){TextField=v}});var Toggle;module.import('material-ui/Toggle',{\"default\":function(v){Toggle=v}});\n\n\n\n\n\n\n\nvar styles = {\n  propContainer: {\n    width: 200,\n    overflow: 'hidden',\n    margin: '5px auto 0'\n  },\n  propToggleHeader: {\n    margin: '20px auto 10px'\n  }\n};\n\nvar tableData = [{\n  name: 'John Smith',\n  status: 'Employed',\n  selected: true\n}, {\n  name: 'Randal White',\n  status: 'Unemployed'\n}, {\n  name: 'Stephanie Sanders',\n  status: 'Employed',\n  selected: true\n}, {\n  name: 'Steve Brown',\n  status: 'Employed'\n}, {\n  name: 'Joyce Whitten',\n  status: 'Employed'\n}, {\n  name: 'Samuel Roberts',\n  status: 'Employed'\n}, {\n  name: 'Adam Moore',\n  status: 'Employed'\n}];\n\nvar TableMain = function (_React$Component) {\n  _inherits(TableMain, _React$Component);\n\n  function TableMain(props) {\n    _classCallCheck(this, TableMain);\n\n    var _this = _possibleConstructorReturn(this, _React$Component.call(this, props));\n\n    _this.state = {\n      fixedHeader: true,\n      fixedFooter: true,\n      stripedRows: false,\n      showRowHover: false,\n      selectable: true,\n      multiSelectable: false,\n      enableSelectAll: false,\n      deselectOnClickaway: true,\n      showCheckboxes: true,\n      height: '300px'\n    };\n\n    _this.handleToggle = function (event, toggled) {\n      var _this$setState;\n\n      _this.setState((_this$setState = {}, _this$setState[event.target.name] = toggled, _this$setState));\n    };\n\n    _this.handleChange = function (event) {\n      _this.setState({ height: event.target.value });\n    };\n    return _this;\n  }\n\n  TableMain.prototype.render = function () {\n    function render() {\n      return React.createElement(\n        'div',\n        null,\n        React.createElement(\n          Table,\n          {\n            height: this.state.height,\n            fixedHeader: this.state.fixedHeader,\n            fixedFooter: this.state.fixedFooter,\n            selectable: this.state.selectable,\n            multiSelectable: this.state.multiSelectable\n          },\n          React.createElement(\n            TableHeader,\n            {\n              displaySelectAll: this.state.showCheckboxes,\n              adjustForCheckbox: this.state.showCheckboxes,\n              enableSelectAll: this.state.enableSelectAll\n            },\n            React.createElement(\n              TableRow,\n              null,\n              React.createElement(\n                TableHeaderColumn,\n                { colSpan: '3', tooltip: 'Super Header', style: { textAlign: 'center' } },\n                'Super Header'\n              )\n            ),\n            React.createElement(\n              TableRow,\n              null,\n              React.createElement(\n                TableHeaderColumn,\n                { tooltip: 'The ID' },\n                'ID'\n              ),\n              React.createElement(\n                TableHeaderColumn,\n                { tooltip: 'The Name' },\n                'Name'\n              ),\n              React.createElement(\n                TableHeaderColumn,\n                { tooltip: 'The Status' },\n                'Status'\n              )\n            )\n          ),\n          React.createElement(\n            TableBody,\n            {\n              displayRowCheckbox: this.state.showCheckboxes,\n              deselectOnClickaway: this.state.deselectOnClickaway,\n              showRowHover: this.state.showRowHover,\n              stripedRows: this.state.stripedRows\n            },\n            tableData.map(function (row, index) {\n              return React.createElement(\n                TableRow,\n                { key: index, selected: row.selected },\n                React.createElement(\n                  TableRowColumn,\n                  null,\n                  index\n                ),\n                React.createElement(\n                  TableRowColumn,\n                  null,\n                  row.name\n                ),\n                React.createElement(\n                  TableRowColumn,\n                  null,\n                  row.status\n                )\n              );\n            })\n          ),\n          React.createElement(\n            TableFooter,\n            {\n              adjustForCheckbox: this.state.showCheckboxes\n            },\n            React.createElement(\n              TableRow,\n              null,\n              React.createElement(\n                TableRowColumn,\n                null,\n                'ID'\n              ),\n              React.createElement(\n                TableRowColumn,\n                null,\n                'Name'\n              ),\n              React.createElement(\n                TableRowColumn,\n                null,\n                'Status'\n              )\n            ),\n            React.createElement(\n              TableRow,\n              null,\n              React.createElement(\n                TableRowColumn,\n                { colSpan: '3', style: { textAlign: 'center' } },\n                'Super Footer'\n              )\n            )\n          )\n        ),\n        React.createElement(\n          'div',\n          { style: styles.propContainer },\n          React.createElement(\n            'h3',\n            null,\n            'Table Properties'\n          ),\n          React.createElement(TextField, {\n            floatingLabelText: 'Table Body Height',\n            defaultValue: this.state.height,\n            onChange: this.handleChange\n          }),\n          React.createElement(Toggle, {\n            name: 'fixedHeader',\n            label: 'Fixed Header',\n            onToggle: this.handleToggle,\n            defaultToggled: this.state.fixedHeader\n          }),\n          React.createElement(Toggle, {\n            name: 'fixedFooter',\n            label: 'Fixed Footer',\n            onToggle: this.handleToggle,\n            defaultToggled: this.state.fixedFooter\n          }),\n          React.createElement(Toggle, {\n            name: 'selectable',\n            label: 'Selectable',\n            onToggle: this.handleToggle,\n            defaultToggled: this.state.selectable\n          }),\n          React.createElement(Toggle, {\n            name: 'multiSelectable',\n            label: 'Multi-Selectable',\n            onToggle: this.handleToggle,\n            defaultToggled: this.state.multiSelectable\n          }),\n          React.createElement(Toggle, {\n            name: 'enableSelectAll',\n            label: 'Enable Select All',\n            onToggle: this.handleToggle,\n            defaultToggled: this.state.enableSelectAll\n          }),\n          React.createElement(\n            'h3',\n            { style: styles.propToggleHeader },\n            'TableBody Properties'\n          ),\n          React.createElement(Toggle, {\n            name: 'deselectOnClickaway',\n            label: 'Deselect On Clickaway',\n            onToggle: this.handleToggle,\n            defaultToggled: this.state.deselectOnClickaway\n          }),\n          React.createElement(Toggle, {\n            name: 'stripedRows',\n            label: 'Stripe Rows',\n            onToggle: this.handleToggle,\n            defaultToggled: this.state.stripedRows\n          }),\n          React.createElement(Toggle, {\n            name: 'showRowHover',\n            label: 'Show Row Hover',\n            onToggle: this.handleToggle,\n            defaultToggled: this.state.showRowHover\n          }),\n          React.createElement(\n            'h3',\n            { style: styles.propToggleHeader },\n            'Multiple Properties'\n          ),\n          React.createElement(Toggle, {\n            name: 'showCheckboxes',\n            label: 'Show Checkboxes',\n            onToggle: this.handleToggle,\n            defaultToggled: this.state.showCheckboxes\n          })\n        )\n      );\n    }\n\n    return render;\n  }();\n\n  return TableMain;\n}(React.Component);\n\nmodule.export(\"default\",exports.default=(TableMain));","ast":null,"map":{"version":3,"sources":["/imports/ui/TableMain.jsx"],"names":[],"mappings":";;;AAAA,OAAO,KAAP,MAAkB,OAAlB;AACA,SAAQ,KAAR,EAAe,SAAf,EAA0B,WAA1B,EAAuC,WAAvC,EAAoD,iBAApD,EAAuE,QAAvE,EAAiF,cAAjF,QACO,mBADP;AAEA,OAAO,SAAP,MAAsB,uBAAtB;AACA,OAAO,MAAP,MAAmB,oBAAnB;;AAEA,IAAM,SAAS;AACb,iBAAe;AACb,WAAO,GADM;AAEb,cAAU,QAFG;AAGb,YAAQ;AAHK,GADF;AAMb,oBAAkB;AAChB,YAAQ;AADQ;AANL,CAAf;;AAWA,IAAM,YAAY,CAChB;AACE,QAAM,YADR;AAEE,UAAQ,UAFV;AAGE,YAAU;AAHZ,CADgB,EAMhB;AACE,QAAM,cADR;AAEE,UAAQ;AAFV,CANgB,EAUhB;AACE,QAAM,mBADR;AAEE,UAAQ,UAFV;AAGE,YAAU;AAHZ,CAVgB,EAehB;AACE,QAAM,aADR;AAEE,UAAQ;AAFV,CAfgB,EAmBhB;AACE,QAAM,eADR;AAEE,UAAQ;AAFV,CAnBgB,EAuBhB;AACE,QAAM,gBADR;AAEE,UAAQ;AAFV,CAvBgB,EA2BhB;AACE,QAAM,YADR;AAEE,UAAQ;AAFV,CA3BgB,CAAlB;;IAiCqB,S;;;AAEnB,qBAAY,KAAZ,EAAmB;AAAA;;AAAA,iDACjB,4BAAM,KAAN,CADiB;;AAGjB,UAAK,KAAL,GAAa;AACX,mBAAa,IADF;AAEX,mBAAa,IAFF;AAGX,mBAAa,KAHF;AAIX,oBAAc,KAJH;AAKX,kBAAY,IALD;AAMX,uBAAiB,KANN;AAOX,uBAAiB,KAPN;AAQX,2BAAqB,IARV;AASX,sBAAgB,IATL;AAUX,cAAQ;AAVG,KAAb;;AAaA,UAAK,YAAL,GAAoB,UAAC,KAAD,EAAQ,OAAR,EAAoB;AAAA;;AACtC,YAAK,QAAL,sCACG,MAAM,MAAN,CAAa,IADhB,IACuB,OADvB;AAGD,KAJD;;AAMA,UAAK,YAAL,GAAoB,UAAC,KAAD,EAAW;AAC7B,YAAK,QAAL,CAAc,EAAC,QAAQ,MAAM,MAAN,CAAa,KAAtB,EAAd;AACD,KAFD;AAtBiB;AAyBlB;;sBAED,M;sBAAS;AACP,aACE;AAAA;AAAA;AACE;AAAC,eAAD;AAAA;AACE,oBAAQ,KAAK,KAAL,CAAW,MADrB;AAEE,yBAAa,KAAK,KAAL,CAAW,WAF1B;AAGE,yBAAa,KAAK,KAAL,CAAW,WAH1B;AAIE,wBAAY,KAAK,KAAL,CAAW,UAJzB;AAKE,6BAAiB,KAAK,KAAL,CAAW;AAL9B;AAOE;AAAC,uBAAD;AAAA;AACE,gCAAkB,KAAK,KAAL,CAAW,cAD/B;AAEE,iCAAmB,KAAK,KAAL,CAAW,cAFhC;AAGE,+BAAiB,KAAK,KAAL,CAAW;AAH9B;AAKE;AAAC,sBAAD;AAAA;AACE;AAAC,iCAAD;AAAA,kBAAmB,SAAQ,GAA3B,EAA+B,SAAQ,cAAvC,EAAsD,OAAO,EAAC,WAAW,QAAZ,EAA7D;AAAA;AAAA;AADF,aALF;AAUE;AAAC,sBAAD;AAAA;AACE;AAAC,iCAAD;AAAA,kBAAmB,SAAQ,QAA3B;AAAA;AAAA,eADF;AAEE;AAAC,iCAAD;AAAA,kBAAmB,SAAQ,UAA3B;AAAA;AAAA,eAFF;AAGE;AAAC,iCAAD;AAAA,kBAAmB,SAAQ,YAA3B;AAAA;AAAA;AAHF;AAVF,WAPF;AAuBE;AAAC,qBAAD;AAAA;AACE,kCAAoB,KAAK,KAAL,CAAW,cADjC;AAEE,mCAAqB,KAAK,KAAL,CAAW,mBAFlC;AAGE,4BAAc,KAAK,KAAL,CAAW,YAH3B;AAIE,2BAAa,KAAK,KAAL,CAAW;AAJ1B;AAMG,sBAAU,GAAV,CAAe,UAAC,GAAD,EAAM,KAAN;AAAA,qBACd;AAAC,wBAAD;AAAA,kBAAU,KAAK,KAAf,EAAsB,UAAU,IAAI,QAApC;AACE;AAAC,gCAAD;AAAA;AAAiB;AAAjB,iBADF;AAEE;AAAC,gCAAD;AAAA;AAAiB,sBAAI;AAArB,iBAFF;AAGE;AAAC,gCAAD;AAAA;AAAiB,sBAAI;AAArB;AAHF,eADc;AAAA,aAAf;AANH,WAvBF;AAqCE;AAAC,uBAAD;AAAA;AACE,iCAAmB,KAAK,KAAL,CAAW;AADhC;AAGE;AAAC,sBAAD;AAAA;AACE;AAAC,8BAAD;AAAA;AAAA;AAAA,eADF;AAEE;AAAC,8BAAD;AAAA;AAAA;AAAA,eAFF;AAGE;AAAC,8BAAD;AAAA;AAAA;AAAA;AAHF,aAHF;AAQE;AAAC,sBAAD;AAAA;AACE;AAAC,8BAAD;AAAA,kBAAgB,SAAQ,GAAxB,EAA4B,OAAO,EAAC,WAAW,QAAZ,EAAnC;AAAA;AAAA;AADF;AARF;AArCF,SADF;AAsDE;AAAA;AAAA,YAAK,OAAO,OAAO,aAAnB;AACE;AAAA;AAAA;AAAA;AAAA,WADF;AAEE,8BAAC,SAAD;AACE,+BAAkB,mBADpB;AAEE,0BAAc,KAAK,KAAL,CAAW,MAF3B;AAGE,sBAAU,KAAK;AAHjB,YAFF;AAOE,8BAAC,MAAD;AACE,kBAAK,aADP;AAEE,mBAAM,cAFR;AAGE,sBAAU,KAAK,YAHjB;AAIE,4BAAgB,KAAK,KAAL,CAAW;AAJ7B,YAPF;AAaE,8BAAC,MAAD;AACE,kBAAK,aADP;AAEE,mBAAM,cAFR;AAGE,sBAAU,KAAK,YAHjB;AAIE,4BAAgB,KAAK,KAAL,CAAW;AAJ7B,YAbF;AAmBE,8BAAC,MAAD;AACE,kBAAK,YADP;AAEE,mBAAM,YAFR;AAGE,sBAAU,KAAK,YAHjB;AAIE,4BAAgB,KAAK,KAAL,CAAW;AAJ7B,YAnBF;AAyBE,8BAAC,MAAD;AACE,kBAAK,iBADP;AAEE,mBAAM,kBAFR;AAGE,sBAAU,KAAK,YAHjB;AAIE,4BAAgB,KAAK,KAAL,CAAW;AAJ7B,YAzBF;AA+BE,8BAAC,MAAD;AACE,kBAAK,iBADP;AAEE,mBAAM,mBAFR;AAGE,sBAAU,KAAK,YAHjB;AAIE,4BAAgB,KAAK,KAAL,CAAW;AAJ7B,YA/BF;AAqCE;AAAA;AAAA,cAAI,OAAO,OAAO,gBAAlB;AAAA;AAAA,WArCF;AAsCE,8BAAC,MAAD;AACE,kBAAK,qBADP;AAEE,mBAAM,uBAFR;AAGE,sBAAU,KAAK,YAHjB;AAIE,4BAAgB,KAAK,KAAL,CAAW;AAJ7B,YAtCF;AA4CE,8BAAC,MAAD;AACE,kBAAK,aADP;AAEE,mBAAM,aAFR;AAGE,sBAAU,KAAK,YAHjB;AAIE,4BAAgB,KAAK,KAAL,CAAW;AAJ7B,YA5CF;AAkDE,8BAAC,MAAD;AACE,kBAAK,cADP;AAEE,mBAAM,gBAFR;AAGE,sBAAU,KAAK,YAHjB;AAIE,4BAAgB,KAAK,KAAL,CAAW;AAJ7B,YAlDF;AAwDE;AAAA;AAAA,cAAI,OAAO,OAAO,gBAAlB;AAAA;AAAA,WAxDF;AAyDE,8BAAC,MAAD;AACE,kBAAK,gBADP;AAEE,mBAAM,iBAFR;AAGE,sBAAU,KAAK,YAHjB;AAIE,4BAAgB,KAAK,KAAL,CAAW;AAJ7B;AAzDF;AAtDF,OADF;AAyHD;;;;;;EAvJoC,MAAM,S;;eAAxB,S","file":"/imports/ui/TableMain.jsx.map","sourcesContent":["import React from 'react';\nimport {Table, TableBody, TableFooter, TableHeader, TableHeaderColumn, TableRow, TableRowColumn}\n  from 'material-ui/Table';\nimport TextField from 'material-ui/TextField';\nimport Toggle from 'material-ui/Toggle';\n\nconst styles = {\n  propContainer: {\n    width: 200,\n    overflow: 'hidden',\n    margin: '5px auto 0',\n  },\n  propToggleHeader: {\n    margin: '20px auto 10px',\n  },\n};\n\nconst tableData = [\n  {\n    name: 'John Smith',\n    status: 'Employed',\n    selected: true,\n  },\n  {\n    name: 'Randal White',\n    status: 'Unemployed',\n  },\n  {\n    name: 'Stephanie Sanders',\n    status: 'Employed',\n    selected: true,\n  },\n  {\n    name: 'Steve Brown',\n    status: 'Employed',\n  },\n  {\n    name: 'Joyce Whitten',\n    status: 'Employed',\n  },\n  {\n    name: 'Samuel Roberts',\n    status: 'Employed',\n  },\n  {\n    name: 'Adam Moore',\n    status: 'Employed',\n  },\n];\n\nexport default class TableMain extends React.Component {\n\n  constructor(props) {\n    super(props);\n\n    this.state = {\n      fixedHeader: true,\n      fixedFooter: true,\n      stripedRows: false,\n      showRowHover: false,\n      selectable: true,\n      multiSelectable: false,\n      enableSelectAll: false,\n      deselectOnClickaway: true,\n      showCheckboxes: true,\n      height: '300px',\n    };\n\n    this.handleToggle = (event, toggled) => {\n      this.setState({\n        [event.target.name]: toggled,\n      });\n    };\n\n    this.handleChange = (event) => {\n      this.setState({height: event.target.value});\n    };\n  }\n\n  render() {\n    return (\n      <div>\n        <Table\n          height={this.state.height}\n          fixedHeader={this.state.fixedHeader}\n          fixedFooter={this.state.fixedFooter}\n          selectable={this.state.selectable}\n          multiSelectable={this.state.multiSelectable}\n        >\n          <TableHeader\n            displaySelectAll={this.state.showCheckboxes}\n            adjustForCheckbox={this.state.showCheckboxes}\n            enableSelectAll={this.state.enableSelectAll}\n          >\n            <TableRow>\n              <TableHeaderColumn colSpan=\"3\" tooltip=\"Super Header\" style={{textAlign: 'center'}}>\n                Super Header\n              </TableHeaderColumn>\n            </TableRow>\n            <TableRow>\n              <TableHeaderColumn tooltip=\"The ID\">ID</TableHeaderColumn>\n              <TableHeaderColumn tooltip=\"The Name\">Name</TableHeaderColumn>\n              <TableHeaderColumn tooltip=\"The Status\">Status</TableHeaderColumn>\n            </TableRow>\n          </TableHeader>\n          <TableBody\n            displayRowCheckbox={this.state.showCheckboxes}\n            deselectOnClickaway={this.state.deselectOnClickaway}\n            showRowHover={this.state.showRowHover}\n            stripedRows={this.state.stripedRows}\n          >\n            {tableData.map( (row, index) => (\n              <TableRow key={index} selected={row.selected}>\n                <TableRowColumn>{index}</TableRowColumn>\n                <TableRowColumn>{row.name}</TableRowColumn>\n                <TableRowColumn>{row.status}</TableRowColumn>\n              </TableRow>\n              ))}\n          </TableBody>\n          <TableFooter\n            adjustForCheckbox={this.state.showCheckboxes}\n          >\n            <TableRow>\n              <TableRowColumn>ID</TableRowColumn>\n              <TableRowColumn>Name</TableRowColumn>\n              <TableRowColumn>Status</TableRowColumn>\n            </TableRow>\n            <TableRow>\n              <TableRowColumn colSpan=\"3\" style={{textAlign: 'center'}}>\n                Super Footer\n              </TableRowColumn>\n            </TableRow>\n          </TableFooter>\n        </Table>\n\n        <div style={styles.propContainer}>\n          <h3>Table Properties</h3>\n          <TextField\n            floatingLabelText=\"Table Body Height\"\n            defaultValue={this.state.height}\n            onChange={this.handleChange}\n          />\n          <Toggle\n            name=\"fixedHeader\"\n            label=\"Fixed Header\"\n            onToggle={this.handleToggle}\n            defaultToggled={this.state.fixedHeader}\n          />\n          <Toggle\n            name=\"fixedFooter\"\n            label=\"Fixed Footer\"\n            onToggle={this.handleToggle}\n            defaultToggled={this.state.fixedFooter}\n          />\n          <Toggle\n            name=\"selectable\"\n            label=\"Selectable\"\n            onToggle={this.handleToggle}\n            defaultToggled={this.state.selectable}\n          />\n          <Toggle\n            name=\"multiSelectable\"\n            label=\"Multi-Selectable\"\n            onToggle={this.handleToggle}\n            defaultToggled={this.state.multiSelectable}\n          />\n          <Toggle\n            name=\"enableSelectAll\"\n            label=\"Enable Select All\"\n            onToggle={this.handleToggle}\n            defaultToggled={this.state.enableSelectAll}\n          />\n          <h3 style={styles.propToggleHeader}>TableBody Properties</h3>\n          <Toggle\n            name=\"deselectOnClickaway\"\n            label=\"Deselect On Clickaway\"\n            onToggle={this.handleToggle}\n            defaultToggled={this.state.deselectOnClickaway}\n          />\n          <Toggle\n            name=\"stripedRows\"\n            label=\"Stripe Rows\"\n            onToggle={this.handleToggle}\n            defaultToggled={this.state.stripedRows}\n          />\n          <Toggle\n            name=\"showRowHover\"\n            label=\"Show Row Hover\"\n            onToggle={this.handleToggle}\n            defaultToggled={this.state.showRowHover}\n          />\n          <h3 style={styles.propToggleHeader}>Multiple Properties</h3>\n          <Toggle\n            name=\"showCheckboxes\"\n            label=\"Show Checkboxes\"\n            onToggle={this.handleToggle}\n            defaultToggled={this.state.showCheckboxes}\n          />\n        </div>\n      </div>\n    );\n  }\n}\n"]},"hash":"35c0078af08d87231cf6d642bdcbd36205953071"}
