{"metadata":{"usedHelpers":[],"marked":[],"modules":{"imports":[{"source":"react","imported":["default"],"specifiers":[{"kind":"named","imported":"default","local":"React"}]},{"source":"meteor/meteor","imported":["Meteor"],"specifiers":[{"kind":"named","imported":"Meteor","local":"Meteor"}]},{"source":"react-dom","imported":["render"],"specifiers":[{"kind":"named","imported":"render","local":"render"}]},{"source":"react-router","imported":["Router","Route","Link","browserHistory"],"specifiers":[{"kind":"named","imported":"Router","local":"Router"},{"kind":"named","imported":"Route","local":"Route"},{"kind":"named","imported":"Link","local":"Link"},{"kind":"named","imported":"browserHistory","local":"browserHistory"}]},{"source":"react-tap-event-plugin","imported":["default"],"specifiers":[{"kind":"named","imported":"default","local":"injectTapEventPlugin"}]},{"source":"../imports/ui/App.jsx","imported":["default"],"specifiers":[{"kind":"named","imported":"default","local":"App"}]}],"exports":{"exported":[],"specifiers":[]}}},"options":{"filename":"/client/main.jsx","filenameRelative":"/client/main.jsx","env":{},"retainLines":false,"highlightCode":true,"suppressDeprecationMessages":false,"presets":[],"plugins":[[[],{"polyfill":false}],[[],null],[[],null],[[],null],[[],null],[[],null],[[],null],[[],null],[[],null],[[],null],[[],null],[[],null],[[],null],[[],null],[[],null],[[],null],[[],{"loose":true}],[[],{"loose":true}],[[],null],[[],{"loose":true}],[[],null],[[],null],[[],null],[[],null],[[],null],[[],null],[[],null],[[],{"loose":true}],[[],null],[[],null],[[],null],[[],null],[[],null],[[],null],[[],null],[[],null]],"ignore":[],"code":true,"metadata":true,"ast":false,"comments":true,"compact":false,"minified":false,"sourceMap":true,"sourceMaps":true,"sourceMapTarget":"/client/main.jsx.map","sourceFileName":"/client/main.jsx","babelrc":false,"sourceType":"module","moduleIds":false,"passPerPreset":false,"basename":"main"},"ignored":false,"code":"var React;module.import('react',{\"default\":function(v){React=v}});var Meteor;module.import('meteor/meteor',{\"Meteor\":function(v){Meteor=v}});var render;module.import('react-dom',{\"render\":function(v){render=v}});var Router,Route,Link,browserHistory;module.import('react-router',{\"Router\":function(v){Router=v},\"Route\":function(v){Route=v},\"Link\":function(v){Link=v},\"browserHistory\":function(v){browserHistory=v}});var injectTapEventPlugin;module.import('react-tap-event-plugin',{\"default\":function(v){injectTapEventPlugin=v}});var App;module.import('../imports/ui/App.jsx',{\"default\":function(v){App=v}});\n\n\n\n//import MuiThemeProvider from 'material-ui/styles/MuiThemeProvider';\n//import RaisedButton from 'material-ui/RaisedButton';\n\n\n\n/* const App = () => (\n  <MuiThemeProvider>\n    <RaisedButton label=\"Default\" />\n  </MuiThemeProvider>\n); */\n\nvar About = React.createClass({\n  displayName: 'About',\n  render: function () {\n    function render() {\n      return React.createElement(\n        'div',\n        null,\n        React.createElement(\n          'h1',\n          null,\n          'About'\n        )\n      );\n    }\n\n    return render;\n  }()\n});\n\nvar Users = React.createClass({\n  displayName: 'Users',\n  render: function () {\n    function render() {\n      return React.createElement(\n        'div',\n        null,\n        React.createElement(\n          'h1',\n          null,\n          'Users'\n        )\n      );\n    }\n\n    return render;\n  }()\n});\n\nMeteor.startup(function () {\n  // Needed for onTouchTap\n  // http://stackoverflow.com/a/34015469/988941\n  injectTapEventPlugin();\n  // render(<App />, document.getElementById('render-target'));\n  render(React.createElement(\n    Router,\n    { history: browserHistory },\n    React.createElement(\n      Route,\n      { path: '/', component: App },\n      React.createElement(IndexRoute, { component: Home }),\n      React.createElement(Route, { path: 'about', component: About }),\n      React.createElement(Route, { path: 'users', component: Users })\n    )\n  ), document.getElementById('render-target'));\n});","ast":null,"map":{"version":3,"sources":["/client/main.jsx"],"names":[],"mappings":"AAAA,OAAO,KAAP,MAAkB,OAAlB;AACA,SAAS,MAAT,QAAuB,eAAvB;AACA,SAAS,MAAT,QAAuB,WAAvB;AACA,SAAS,MAAT,EAAiB,KAAjB,EAAwB,IAAxB,EAA8B,cAA9B,QAAoD,cAApD;;;AAGA,OAAO,oBAAP,MAAiC,wBAAjC;AACA,OAAO,GAAP,MAAgB,uBAAhB;;;;;;;;AAQA,IAAM,QAAQ,MAAM,WAAN,CAAkB;AAAA;AAC9B,QAD8B;AAAA,sBACrB;AACP,aACE;AAAA;AAAA;AACE;AAAA;AAAA;AAAA;AAAA;AADF,OADF;AAKD;;AAP6B;AAAA;AAAA,CAAlB,CAAd;;AAUA,IAAM,QAAQ,MAAM,WAAN,CAAkB;AAAA;AAC9B,QAD8B;AAAA,sBACrB;AACP,aACE;AAAA;AAAA;AACE;AAAA;AAAA;AAAA;AAAA;AADF,OADF;AAKD;;AAP6B;AAAA;AAAA,CAAlB,CAAd;;AAUA,OAAO,OAAP,CAAe,YAAM;;;AAGnB;;AAEA,SACE;AAAC,UAAD;AAAA,MAAQ,SAAS,cAAjB;AACE;AAAC,WAAD;AAAA,QAAO,MAAK,GAAZ,EAAgB,WAAW,GAA3B;AACE,0BAAC,UAAD,IAAY,WAAW,IAAvB,GADF;AAEE,0BAAC,KAAD,IAAO,MAAK,OAAZ,EAAoB,WAAW,KAA/B,GAFF;AAGE,0BAAC,KAAD,IAAO,MAAK,OAAZ,EAAoB,WAAW,KAA/B;AAHF;AADF,GADF,EAWG,SAAS,cAAT,CAAwB,eAAxB,CAXH;AAYD,CAjBD","file":"/client/main.jsx.map","sourcesContent":["import React from 'react';\nimport { Meteor } from 'meteor/meteor';\nimport { render } from 'react-dom';\nimport { Router, Route, Link, browserHistory } from 'react-router'\n//import MuiThemeProvider from 'material-ui/styles/MuiThemeProvider';\n//import RaisedButton from 'material-ui/RaisedButton';\nimport injectTapEventPlugin from 'react-tap-event-plugin';\nimport App from '../imports/ui/App.jsx';\n\n/* const App = () => (\n  <MuiThemeProvider>\n    <RaisedButton label=\"Default\" />\n  </MuiThemeProvider>\n); */\n\nconst About = React.createClass({\n  render() {\n    return (\n      <div>\n        <h1>About</h1>\n      </div>\n    )\n  }\n})\n\nconst Users = React.createClass({\n  render() {\n    return (\n      <div>\n        <h1>Users</h1>\n      </div>\n    )\n  }\n})\n\nMeteor.startup(() => {\n  // Needed for onTouchTap\n  // http://stackoverflow.com/a/34015469/988941\n  injectTapEventPlugin();\n  // render(<App />, document.getElementById('render-target'));\n  render((\n    <Router history={browserHistory}>\n      <Route path=\"/\" component={App}>\n        <IndexRoute component={Home}/>\n        <Route path=\"about\" component={About}/>\n        <Route path=\"users\" component={Users}>\n          {/* <Route path=\"/user/:userId\" component={User}/> */}\n        </Route>\n        {/* <Route path=\"*\" component={NoMatch}/> */}\n      </Route>\n    </Router>\n  ), document.getElementById('render-target'))\n});\n"]},"hash":"3e333e4a88fd52e9c475378362c5bd5b5e9d17e2"}
