{"metadata":{"usedHelpers":["inherits","possibleConstructorReturn","classCallCheck"],"marked":[],"modules":{"imports":[{"source":"react","imported":["default"],"specifiers":[{"kind":"named","imported":"default","local":"React"}]},{"source":"material-ui/IconMenu","imported":["default"],"specifiers":[{"kind":"named","imported":"default","local":"IconMenu"}]},{"source":"material-ui/IconButton","imported":["default"],"specifiers":[{"kind":"named","imported":"default","local":"IconButton"}]},{"source":"material-ui/FontIcon","imported":["default"],"specifiers":[{"kind":"named","imported":"default","local":"FontIcon"}]},{"source":"material-ui/svg-icons/navigation/expand-more","imported":["default"],"specifiers":[{"kind":"named","imported":"default","local":"NavigationExpandMoreIcon"}]},{"source":"material-ui/MenuItem","imported":["default"],"specifiers":[{"kind":"named","imported":"default","local":"MenuItem"}]},{"source":"material-ui/DropDownMenu","imported":["default"],"specifiers":[{"kind":"named","imported":"default","local":"DropDownMenu"}]},{"source":"material-ui/RaisedButton","imported":["default"],"specifiers":[{"kind":"named","imported":"default","local":"RaisedButton"}]},{"source":"material-ui/FlatButton","imported":["default"],"specifiers":[{"kind":"named","imported":"default","local":"FlatButton"}]},{"source":"material-ui/Toolbar","imported":["Toolbar","ToolbarGroup","ToolbarSeparator","ToolbarTitle"],"specifiers":[{"kind":"named","imported":"Toolbar","local":"Toolbar"},{"kind":"named","imported":"ToolbarGroup","local":"ToolbarGroup"},{"kind":"named","imported":"ToolbarSeparator","local":"ToolbarSeparator"},{"kind":"named","imported":"ToolbarTitle","local":"ToolbarTitle"}]}],"exports":{"exported":["ToolbarMain"],"specifiers":[{"kind":"local","local":"ToolbarMain","exported":"default"}]}}},"options":{"filename":"/imports/ui/ToolBarMain.jsx","filenameRelative":"/imports/ui/ToolBarMain.jsx","env":{},"retainLines":false,"highlightCode":true,"suppressDeprecationMessages":false,"presets":[],"plugins":[[[],{"polyfill":false}],[[],null],[[],null],[[],null],[[],null],[[],null],[[],null],[[],null],[[],null],[[],null],[[],null],[[],null],[[],null],[[],null],[[],{"loose":true}],[[],{"loose":true}],[[],null],[[],{"loose":true}],[[],null],[[],null],[[],null],[[],null],[[],null],[[],null],[[],null],[[],{"loose":true}],[[],null],[[],null],[[],null],[[],null],[[],null],[[],null],[[],null],[[],null]],"ignore":[],"code":true,"metadata":true,"ast":false,"comments":true,"compact":false,"minified":false,"sourceMap":true,"sourceMaps":true,"sourceMapTarget":"/imports/ui/ToolBarMain.jsx.map","sourceFileName":"/imports/ui/ToolBarMain.jsx","babelrc":false,"sourceType":"module","moduleIds":false,"passPerPreset":false,"basename":"ToolBarMain"},"ignored":false,"code":"var _classCallCheck;module.import('babel-runtime/helpers/classCallCheck',{\"default\":function(v){_classCallCheck=v}});var _possibleConstructorReturn;module.import('babel-runtime/helpers/possibleConstructorReturn',{\"default\":function(v){_possibleConstructorReturn=v}});var _inherits;module.import('babel-runtime/helpers/inherits',{\"default\":function(v){_inherits=v}});var React;module.import('react',{\"default\":function(v){React=v}});var IconMenu;module.import('material-ui/IconMenu',{\"default\":function(v){IconMenu=v}});var IconButton;module.import('material-ui/IconButton',{\"default\":function(v){IconButton=v}});var FontIcon;module.import('material-ui/FontIcon',{\"default\":function(v){FontIcon=v}});var NavigationExpandMoreIcon;module.import('material-ui/svg-icons/navigation/expand-more',{\"default\":function(v){NavigationExpandMoreIcon=v}});var MenuItem;module.import('material-ui/MenuItem',{\"default\":function(v){MenuItem=v}});var DropDownMenu;module.import('material-ui/DropDownMenu',{\"default\":function(v){DropDownMenu=v}});var RaisedButton;module.import('material-ui/RaisedButton',{\"default\":function(v){RaisedButton=v}});var FlatButton;module.import('material-ui/FlatButton',{\"default\":function(v){FlatButton=v}});var Toolbar,ToolbarGroup,ToolbarSeparator,ToolbarTitle;module.import('material-ui/Toolbar',{\"Toolbar\":function(v){Toolbar=v},\"ToolbarGroup\":function(v){ToolbarGroup=v},\"ToolbarSeparator\":function(v){ToolbarSeparator=v},\"ToolbarTitle\":function(v){ToolbarTitle=v}});\n\n\n\n\n\n\n\n\n\n\n\n\n\n\nvar ToolbarMain = function (_React$Component) {\n  _inherits(ToolbarMain, _React$Component);\n\n  function ToolbarMain(props) {\n    _classCallCheck(this, ToolbarMain);\n\n    var _this = _possibleConstructorReturn(this, _React$Component.call(this, props));\n\n    _this.state = {\n      value: 3\n    };\n    _this.handleChange = function (event, index, value) {\n      return _this.setState({ value: value });\n    };\n    return _this;\n  }\n\n  ToolbarMain.prototype.render = function render() {\n    return React.createElement(\n      Toolbar,\n      null,\n      React.createElement(\n        ToolbarGroup,\n        null,\n        React.createElement(RaisedButton, {\n          style: {\n            font_size: '50px' },\n          label: 'サンプル',\n          href: 'about'\n        }),\n        React.createElement(RaisedButton, { label: 'Setting', primary: true }),\n        React.createElement(\n          IconMenu,\n          {\n            iconButtonElement: React.createElement(\n              IconButton,\n              { touch: true },\n              React.createElement(NavigationExpandMoreIcon, null)\n            )\n          },\n          React.createElement(MenuItem, { primaryText: 'Download' }),\n          React.createElement(MenuItem, { primaryText: 'More Info' })\n        )\n      ),\n      React.createElement(\n        ToolbarGroup,\n        { firstChild: true },\n        React.createElement(\n          DropDownMenu,\n          { value: this.state.value, onChange: this.handleChange },\n          React.createElement(MenuItem, { value: 1, primaryText: 'All Broadcasts' }),\n          React.createElement(MenuItem, { value: 2, primaryText: 'All Voice' }),\n          React.createElement(MenuItem, { value: 3, primaryText: 'All Text' }),\n          React.createElement(MenuItem, { value: 4, primaryText: 'Complete Voice' }),\n          React.createElement(MenuItem, { value: 5, primaryText: 'Complete Text' }),\n          React.createElement(MenuItem, { value: 6, primaryText: 'Active Voice' }),\n          React.createElement(MenuItem, { value: 7, primaryText: 'Active Text' })\n        )\n      ),\n      React.createElement(\n        ToolbarGroup,\n        null,\n        React.createElement(ToolbarTitle, { text: 'Sample' }),\n        React.createElement(FontIcon, { className: 'muidocs-icon-custom-sort' }),\n        React.createElement(ToolbarSeparator, null),\n        React.createElement(RaisedButton, { label: 'Create Broadcast', primary: true }),\n        React.createElement(\n          IconMenu,\n          {\n            iconButtonElement: React.createElement(\n              IconButton,\n              { touch: true },\n              React.createElement(NavigationExpandMoreIcon, null)\n            )\n          },\n          React.createElement(MenuItem, { primaryText: 'Download' }),\n          React.createElement(MenuItem, { primaryText: 'More Info' })\n        )\n      )\n    );\n  };\n\n  return ToolbarMain;\n}(React.Component);\n\nmodule.export(\"default\",exports.default=(ToolbarMain));","ast":null,"map":{"version":3,"sources":["/imports/ui/ToolBarMain.jsx"],"names":[],"mappings":";;;AAAA,OAAO,KAAP,MAAkB,OAAlB;AACA,OAAO,QAAP,MAAqB,sBAArB;AACA,OAAO,UAAP,MAAuB,wBAAvB;AACA,OAAO,QAAP,MAAqB,sBAArB;AACA,OAAO,wBAAP,MAAqC,8CAArC;AACA,OAAO,QAAP,MAAqB,sBAArB;AACA,OAAO,YAAP,MAAyB,0BAAzB;AACA,OAAO,YAAP,MAAyB,0BAAzB;AACA,OAAO,UAAP,MAAuB,wBAAvB;;AAEA,SAAQ,OAAR,EAAiB,YAAjB,EAA+B,gBAA/B,EAAiD,YAAjD,QAAoE,qBAApE;;IAEqB,W;;;AAEnB,uBAAY,KAAZ,EAAmB;AAAA;;AAAA,iDACjB,4BAAM,KAAN,CADiB;;AAEjB,UAAK,KAAL,GAAa;AACX,aAAO;AADI,KAAb;AAGA,UAAK,YAAL,GAAoB,UAAC,KAAD,EAAQ,KAAR,EAAe,KAAf;AAAA,aAAyB,MAAK,QAAL,CAAc,EAAC,YAAD,EAAd,CAAzB;AAAA,KAApB;AALiB;AAMlB;;wBAED,M,qBAAS;AACP,WACE;AAAC,aAAD;AAAA;AACA;AAAC,oBAAD;AAAA;AACI,4BAAC,YAAD;AACE,iBAAO;AACL,uBAAW,MADN,EADT;AAGE,iBAAM,MAHR;AAIE,gBAAK;AAJP,UADJ;AAOI,4BAAC,YAAD,IAAc,OAAM,SAApB,EAA8B,SAAS,IAAvC,GAPJ;AAQI;AAAC,kBAAD;AAAA;AACE,+BACE;AAAC,wBAAD;AAAA,gBAAY,OAAO,IAAnB;AACE,kCAAC,wBAAD;AADF;AAFJ;AAOE,8BAAC,QAAD,IAAU,aAAY,UAAtB,GAPF;AAQE,8BAAC,QAAD,IAAU,aAAY,WAAtB;AARF;AARJ,OADA;AAoBE;AAAC,oBAAD;AAAA,UAAc,YAAY,IAA1B;AACE;AAAC,sBAAD;AAAA,YAAc,OAAO,KAAK,KAAL,CAAW,KAAhC,EAAuC,UAAU,KAAK,YAAtD;AACE,8BAAC,QAAD,IAAU,OAAO,CAAjB,EAAoB,aAAY,gBAAhC,GADF;AAEE,8BAAC,QAAD,IAAU,OAAO,CAAjB,EAAoB,aAAY,WAAhC,GAFF;AAGE,8BAAC,QAAD,IAAU,OAAO,CAAjB,EAAoB,aAAY,UAAhC,GAHF;AAIE,8BAAC,QAAD,IAAU,OAAO,CAAjB,EAAoB,aAAY,gBAAhC,GAJF;AAKE,8BAAC,QAAD,IAAU,OAAO,CAAjB,EAAoB,aAAY,eAAhC,GALF;AAME,8BAAC,QAAD,IAAU,OAAO,CAAjB,EAAoB,aAAY,cAAhC,GANF;AAOE,8BAAC,QAAD,IAAU,OAAO,CAAjB,EAAoB,aAAY,aAAhC;AAPF;AADF,OApBF;AA+BE;AAAC,oBAAD;AAAA;AACE,4BAAC,YAAD,IAAc,MAAK,QAAnB,GADF;AAEE,4BAAC,QAAD,IAAU,WAAU,0BAApB,GAFF;AAGE,4BAAC,gBAAD,OAHF;AAIE,4BAAC,YAAD,IAAc,OAAM,kBAApB,EAAuC,SAAS,IAAhD,GAJF;AAKE;AAAC,kBAAD;AAAA;AACE,+BACE;AAAC,wBAAD;AAAA,gBAAY,OAAO,IAAnB;AACE,kCAAC,wBAAD;AADF;AAFJ;AAOE,8BAAC,QAAD,IAAU,aAAY,UAAtB,GAPF;AAQE,8BAAC,QAAD,IAAU,aAAY,WAAtB;AARF;AALF;AA/BF,KADF;AAkDD,G;;;EA7DsC,MAAM,S;;eAA1B,W","file":"/imports/ui/ToolBarMain.jsx.map","sourcesContent":["import React from 'react';\nimport IconMenu from 'material-ui/IconMenu';\nimport IconButton from 'material-ui/IconButton';\nimport FontIcon from 'material-ui/FontIcon';\nimport NavigationExpandMoreIcon from 'material-ui/svg-icons/navigation/expand-more';\nimport MenuItem from 'material-ui/MenuItem';\nimport DropDownMenu from 'material-ui/DropDownMenu';\nimport RaisedButton from 'material-ui/RaisedButton';\nimport FlatButton from 'material-ui/FlatButton';\n\nimport {Toolbar, ToolbarGroup, ToolbarSeparator, ToolbarTitle} from 'material-ui/Toolbar';\n\nexport default class ToolbarMain extends React.Component {\n\n  constructor(props) {\n    super(props);\n    this.state = {\n      value: 3,\n    };\n    this.handleChange = (event, index, value) => this.setState({value});\n  }\n\n  render() {\n    return (\n      <Toolbar>\n      <ToolbarGroup>\n          <RaisedButton\n            style={{\n              font_size: '50px'}}\n            label=\"サンプル\" \n            href=\"about\" \n          />\n          <RaisedButton label=\"Setting\" primary={true} />\n          <IconMenu\n            iconButtonElement={\n              <IconButton touch={true}>\n                <NavigationExpandMoreIcon />\n              </IconButton>\n            }\n          >\n            <MenuItem primaryText=\"Download\" />\n            <MenuItem primaryText=\"More Info\" />\n          </IconMenu>\n        </ToolbarGroup>\n        <ToolbarGroup firstChild={true}>\n          <DropDownMenu value={this.state.value} onChange={this.handleChange}>\n            <MenuItem value={1} primaryText=\"All Broadcasts\" />\n            <MenuItem value={2} primaryText=\"All Voice\" />\n            <MenuItem value={3} primaryText=\"All Text\" />\n            <MenuItem value={4} primaryText=\"Complete Voice\" />\n            <MenuItem value={5} primaryText=\"Complete Text\" />\n            <MenuItem value={6} primaryText=\"Active Voice\" />\n            <MenuItem value={7} primaryText=\"Active Text\" />\n          </DropDownMenu>\n        </ToolbarGroup>\n        <ToolbarGroup>\n          <ToolbarTitle text=\"Sample\" />\n          <FontIcon className=\"muidocs-icon-custom-sort\" />\n          <ToolbarSeparator />\n          <RaisedButton label=\"Create Broadcast\" primary={true} />\n          <IconMenu\n            iconButtonElement={\n              <IconButton touch={true}>\n                <NavigationExpandMoreIcon />\n              </IconButton>\n            }\n          >\n            <MenuItem primaryText=\"Download\" />\n            <MenuItem primaryText=\"More Info\" />\n          </IconMenu>\n        </ToolbarGroup>\n      </Toolbar>\n    );\n  }\n}"]},"hash":"41942706ef142cc3692f58a93ceb1d8cefca9f41"}
