{"metadata":{"usedHelpers":["inherits","possibleConstructorReturn","classCallCheck"],"marked":[],"modules":{"imports":[{"source":"react","imported":["default","Component","PropTypes"],"specifiers":[{"kind":"named","imported":"default","local":"React"},{"kind":"named","imported":"Component","local":"Component"},{"kind":"named","imported":"PropTypes","local":"PropTypes"}]},{"source":"material-ui/AppBar","imported":["default"],"specifiers":[{"kind":"named","imported":"default","local":"AppBar"}]},{"source":"material-ui/Drawer","imported":["default"],"specifiers":[{"kind":"named","imported":"default","local":"Drawer"}]},{"source":"material-ui/MenuItem","imported":["default"],"specifiers":[{"kind":"named","imported":"default","local":"MenuItem"}]},{"source":"material-ui/RaisedButton","imported":["default"],"specifiers":[{"kind":"named","imported":"default","local":"RaisedButton"}]}],"exports":{"exported":["AppBarSample"],"specifiers":[{"kind":"local","local":"AppBarSample","exported":"default"}]}}},"options":{"filename":"/imports/ui/AppBarSample.jsx","filenameRelative":"/imports/ui/AppBarSample.jsx","env":{},"retainLines":false,"highlightCode":true,"suppressDeprecationMessages":false,"presets":[],"plugins":[[[],{"polyfill":false}],[[],null],[[],null],[[],null],[[],null],[[],null],[[],null],[[],null],[[],null],[[],null],[[],null],[[],null],[[],null],[[],null],[[],{"loose":true}],[[],{"loose":true}],[[],null],[[],{"loose":true}],[[],null],[[],null],[[],null],[[],null],[[],null],[[],null],[[],null],[[],{"loose":true}],[[],null],[[],null],[[],null],[[],null],[[],null],[[],null],[[],null],[[],null]],"ignore":[],"code":true,"metadata":true,"ast":false,"comments":true,"compact":false,"minified":false,"sourceMap":true,"sourceMaps":true,"sourceMapTarget":"/imports/ui/AppBarSample.jsx.map","sourceFileName":"/imports/ui/AppBarSample.jsx","babelrc":false,"sourceType":"module","moduleIds":false,"passPerPreset":false,"basename":"AppBarSample"},"ignored":false,"code":"var _classCallCheck;module.import('babel-runtime/helpers/classCallCheck',{\"default\":function(v){_classCallCheck=v}});var _possibleConstructorReturn;module.import('babel-runtime/helpers/possibleConstructorReturn',{\"default\":function(v){_possibleConstructorReturn=v}});var _inherits;module.import('babel-runtime/helpers/inherits',{\"default\":function(v){_inherits=v}});var React,Component,PropTypes;module.import('react',{\"default\":function(v){React=v},\"Component\":function(v){Component=v},\"PropTypes\":function(v){PropTypes=v}});var AppBar;module.import('material-ui/AppBar',{\"default\":function(v){AppBar=v}});var Drawer;module.import('material-ui/Drawer',{\"default\":function(v){Drawer=v}});var MenuItem;module.import('material-ui/MenuItem',{\"default\":function(v){MenuItem=v}});var RaisedButton;module.import('material-ui/RaisedButton',{\"default\":function(v){RaisedButton=v}});\n\n\n\n\n\n\n\n\n/* const AppBarSample = () => (\n  <AppBar\n    title=\"Title\"\n    iconClassNameRight=\"muidocs-icon-navigation-expand-more\"\n  />\n);\n\nexport default AppBarSample; */\n\n// Task component - represents a single todo item\n\nvar AppBarSample = function (_Component) {\n  _inherits(AppBarSample, _Component);\n\n  function AppBarSample(props) {\n    _classCallCheck(this, AppBarSample);\n\n    var _this = _possibleConstructorReturn(this, _Component.call(this, props));\n\n    _this.state = { open: false };\n    _this.handleToggle = function () {\n      return _this.setState({ open: !_this.state.open });\n    };\n    _this.handleClose = function (event) {\n      console.log(event.value);\n      _this.setState({ open: false });\n    };\n    return _this;\n  }\n\n  AppBarSample.prototype.render = function render() {\n    var _this2 = this;\n\n    return React.createElement(\n      'div',\n      null,\n      React.createElement(AppBar, {\n        title: 'Sample',\n        iconClassNameRight: 'muidocs-icon-navigation-expand-more',\n        onLeftIconButtonTouchTap: this.handleToggle\n      }),\n      React.createElement(\n        Drawer,\n        {\n          docked: false,\n          width: 200,\n          open: this.state.open,\n          onRequestChange: function onRequestChange(open) {\n            _this2.setState({ open: open });\n            console.log(open);\n          }\n        },\n        React.createElement(\n          MenuItem,\n          { onTouchTap: this.handleClose, value: '1' },\n          'プロジェクト登録'\n        ),\n        React.createElement(MenuItem, { onTouchTap: this.handleClose })\n      )\n    );\n  };\n\n  return AppBarSample;\n}(Component);\n\n/* Task.propTypes = {\n  // This component gets the task to display through a React prop.\n  // We can use propTypes to indicate it is required\n  task: PropTypes.object.isRequired,\n}; */\n\n\nmodule.export(\"default\",exports.default=(AppBarSample));","ast":null,"map":{"version":3,"sources":["/imports/ui/AppBarSample.jsx"],"names":[],"mappings":";;;AAAA,OAAO,KAAP,IAAgB,SAAhB,EAA2B,SAA3B,QAA4C,OAA5C;AACA,OAAO,MAAP,MAAmB,oBAAnB;AACA,OAAO,MAAP,MAAmB,oBAAnB;AACA,OAAO,QAAP,MAAqB,sBAArB;AACA,OAAO,YAAP,MAAyB,0BAAzB;;;;;;;;;;;;;IAYqB,Y;;;AAEnB,wBAAY,KAAZ,EAAmB;AAAA;;AAAA,iDACjB,sBAAM,KAAN,CADiB;;AAEjB,UAAK,KAAL,GAAa,EAAC,MAAM,KAAP,EAAb;AACA,UAAK,YAAL,GAAoB;AAAA,aAAM,MAAK,QAAL,CAAc,EAAC,MAAM,CAAC,MAAK,KAAL,CAAW,IAAnB,EAAd,CAAN;AAAA,KAApB;AACA,UAAK,WAAL,GAAmB,UAAC,KAAD,EAAW;AAC5B,cAAQ,GAAR,CAAY,MAAM,KAAlB;AACA,YAAK,QAAL,CAAc,EAAC,MAAM,KAAP,EAAd;AACD,KAHD;AAJiB;AAQlB;;yBAED,M,qBAAS;AAAA;;AACP,WACE;AAAA;AAAA;AACE,0BAAC,MAAD;AACE,eAAM,QADR;AAEE,4BAAmB,qCAFrB;AAGE,kCAA0B,KAAK;AAHjC,QADF;AAME;AAAC,cAAD;AAAA;AACE,kBAAQ,KADV;AAEE,iBAAO,GAFT;AAGE,gBAAM,KAAK,KAAL,CAAW,IAHnB;AAIE,2BAAiB,yBAAC,IAAD,EAAU;AACzB,mBAAK,QAAL,CAAc,EAAC,UAAD,EAAd;AACA,oBAAQ,GAAR,CAAY,IAAZ;AACD;AAPH;AASE;AAAC,kBAAD;AAAA,YAAU,YAAY,KAAK,WAA3B,EAAwC,OAAM,GAA9C;AAAA;AAAA,SATF;AAUE,4BAAC,QAAD,IAAU,YAAY,KAAK,WAA3B;AAVF;AANF,KADF;AAqBD,G;;;EAlCuC,S;;;;;;;;;eAArB,Y","file":"/imports/ui/AppBarSample.jsx.map","sourcesContent":["import React, { Component, PropTypes } from 'react';\nimport AppBar from 'material-ui/AppBar';\nimport Drawer from 'material-ui/Drawer';\nimport MenuItem from 'material-ui/MenuItem';\nimport RaisedButton from 'material-ui/RaisedButton';\n\n/* const AppBarSample = () => (\n  <AppBar\n    title=\"Title\"\n    iconClassNameRight=\"muidocs-icon-navigation-expand-more\"\n  />\n);\n\nexport default AppBarSample; */\n\n// Task component - represents a single todo item\nexport default class AppBarSample extends Component {\n  \n  constructor(props) {\n    super(props);\n    this.state = {open: false};\n    this.handleToggle = () => this.setState({open: !this.state.open});\n    this.handleClose = (event) => {\n      console.log(event.value);\n      this.setState({open: false});\n    }\n  }\n  \n  render() {\n    return (\n      <div>\n        <AppBar\n          title=\"Sample\"\n          iconClassNameRight=\"muidocs-icon-navigation-expand-more\"\n          onLeftIconButtonTouchTap={this.handleToggle}\n        />\n        <Drawer\n          docked={false}\n          width={200}\n          open={this.state.open}\n          onRequestChange={(open) => {\n            this.setState({open})\n            console.log(open);\n          }}\n        >\n          <MenuItem onTouchTap={this.handleClose} value=\"1\" >プロジェクト登録</MenuItem>\n          <MenuItem onTouchTap={this.handleClose}></MenuItem>\n        </Drawer>\n      </div>\n    );\n  }\n} \n \n/* Task.propTypes = {\n  // This component gets the task to display through a React prop.\n  // We can use propTypes to indicate it is required\n  task: PropTypes.object.isRequired,\n}; */\n\n\n"]},"hash":"44bfbb7e6037e91cdc6656b6557b6268574e9eb0"}
