{"metadata":{"usedHelpers":["inherits","createClass","possibleConstructorReturn","classCallCheck"],"marked":[],"modules":{"imports":[{"source":"react","imported":["default","Component","PropTypes"],"specifiers":[{"kind":"named","imported":"default","local":"React"},{"kind":"named","imported":"Component","local":"Component"},{"kind":"named","imported":"PropTypes","local":"PropTypes"}]},{"source":"react-router","imported":["browserHistory"],"specifiers":[{"kind":"named","imported":"browserHistory","local":"browserHistory"}]},{"source":"material-ui/AppBar","imported":["default"],"specifiers":[{"kind":"named","imported":"default","local":"AppBar"}]},{"source":"material-ui/Drawer","imported":["default"],"specifiers":[{"kind":"named","imported":"default","local":"Drawer"}]},{"source":"material-ui/Menu","imported":["default"],"specifiers":[{"kind":"named","imported":"default","local":"Menu"}]},{"source":"material-ui/MenuItem","imported":["default"],"specifiers":[{"kind":"named","imported":"default","local":"MenuItem"}]},{"source":"material-ui/RaisedButton","imported":["default"],"specifiers":[{"kind":"named","imported":"default","local":"RaisedButton"}]},{"source":"material-ui/Dialog","imported":["default"],"specifiers":[{"kind":"named","imported":"default","local":"Dialog"}]},{"source":"material-ui/FlatButton","imported":["default"],"specifiers":[{"kind":"named","imported":"default","local":"FlatButton"}]},{"source":"material-ui/TextField","imported":["default"],"specifiers":[{"kind":"named","imported":"default","local":"TextField"}]},{"source":"material-ui/DatePicker","imported":["default"],"specifiers":[{"kind":"named","imported":"default","local":"DatePicker"}]},{"source":"material-ui/DropDownMenu","imported":["default"],"specifiers":[{"kind":"named","imported":"default","local":"DropDownMenu"}]}],"exports":{"exported":["DialogProjectInfo"],"specifiers":[{"kind":"local","local":"DialogProjectInfo","exported":"default"}]}}},"options":{"filename":"/imports/ui/projects/DialogProjectInfo.jsx","filenameRelative":"/imports/ui/projects/DialogProjectInfo.jsx","env":{},"retainLines":false,"highlightCode":true,"suppressDeprecationMessages":false,"presets":[],"plugins":[[[],{"polyfill":false}],[[],null],[[],null],[[],null],[[],null],[[],null],[[],null],[[],null],[[],null],[[],null],[[],null],[[],null],[[],null],[[],null],[[],null],[[],null],[[],{"loose":true}],[[],{"loose":true}],[[],null],[[],{"loose":true}],[[],null],[[],null],[[],null],[[],null],[[],null],[[],null],[[],null],[[],{"loose":true}],[[],null],[[],null],[[],null],[[],null],[[],null],[[],null],[[],null],[[],null]],"ignore":[],"code":true,"metadata":true,"ast":false,"comments":true,"compact":false,"minified":false,"sourceMap":true,"sourceMaps":true,"sourceMapTarget":"/imports/ui/projects/DialogProjectInfo.jsx.map","sourceFileName":"/imports/ui/projects/DialogProjectInfo.jsx","babelrc":false,"sourceType":"module","moduleIds":false,"passPerPreset":false,"basename":"DialogProjectInfo"},"ignored":false,"code":"var _classCallCheck;module.import('babel-runtime/helpers/classCallCheck',{\"default\":function(v){_classCallCheck=v}});var _possibleConstructorReturn;module.import('babel-runtime/helpers/possibleConstructorReturn',{\"default\":function(v){_possibleConstructorReturn=v}});var _createClass;module.import('babel-runtime/helpers/createClass',{\"default\":function(v){_createClass=v}});var _inherits;module.import('babel-runtime/helpers/inherits',{\"default\":function(v){_inherits=v}});var React,Component,PropTypes;module.import('react',{\"default\":function(v){React=v},\"Component\":function(v){Component=v},\"PropTypes\":function(v){PropTypes=v}});var browserHistory;module.import('react-router',{\"browserHistory\":function(v){browserHistory=v}});var AppBar;module.import('material-ui/AppBar',{\"default\":function(v){AppBar=v}});var Drawer;module.import('material-ui/Drawer',{\"default\":function(v){Drawer=v}});var Menu;module.import('material-ui/Menu',{\"default\":function(v){Menu=v}});var MenuItem;module.import('material-ui/MenuItem',{\"default\":function(v){MenuItem=v}});var RaisedButton;module.import('material-ui/RaisedButton',{\"default\":function(v){RaisedButton=v}});var Dialog;module.import('material-ui/Dialog',{\"default\":function(v){Dialog=v}});var FlatButton;module.import('material-ui/FlatButton',{\"default\":function(v){FlatButton=v}});var TextField;module.import('material-ui/TextField',{\"default\":function(v){TextField=v}});var DatePicker;module.import('material-ui/DatePicker',{\"default\":function(v){DatePicker=v}});var DropDownMenu;module.import('material-ui/DropDownMenu',{\"default\":function(v){DropDownMenu=v}});\n\n\n\n\n\n\n\n\n\n\n\n\n\n\n\n// import { Grid, Row, Col } from 'react-flexbox-grid';\n\n// Task component - represents a single todo item\n\nvar DialogProjectInfo = function (_Component) {\n  _inherits(DialogProjectInfo, _Component);\n\n  _createClass(DialogProjectInfo, null, [{\n    key: 'propTypes',\n\n\n    // I/F定義\n    get: function () {\n      function get() {\n        return {\n          open: React.PropTypes.bool.isRequired,\n          onCancel: React.PropTypes.func.isRequired,\n          onSubmit: React.PropTypes.func.isRequired,\n          params: React.PropTypes.array\n        };\n      }\n\n      return get;\n    }()\n  }, {\n    key: 'defaultProps',\n    get: function () {\n      function get() {\n        return {\n          open: false\n        };\n      }\n\n      return get;\n    }()\n  }]);\n\n  function DialogProjectInfo(props) {\n    _classCallCheck(this, DialogProjectInfo);\n\n    var _this = _possibleConstructorReturn(this, _Component.call(this, props));\n\n    _this.state = {\n      // ダイアログ表示ステート\n      open: false,\n      // パラメータ\n      // projectName: \"\",\n      params: {\n        /* projectName: \"デフォルトプロジェクト\",\n        customerName: \"顧客名\",\n        divisionName:\"対応事業部名\",\n        dateBegin: new Date(),\n        dateEnd: new Date(),\n        bisCategory: 1, \n        algoType: 1,\n        tDBType: 1,\n        mDBType: 1,\n        memo: \"プロジェクトの概要説明など記載して下さい。\" */\n        projectName: \"\",\n        customerName: \"\",\n        divisionName: \"\",\n        dateBegin: new Date(),\n        dateEnd: new Date(),\n        bisCategory: 1,\n        algoType: 1,\n        tDBType: 1,\n        mDBType: 1,\n        memo: \"\"\n      }\n    };\n\n    /* this.handleOpen = () => {\n      this.setState({open: true});\n    }; */\n\n    _this.onSubmit = function () {\n      _this.props.onSubmit(_this.state.params);\n    };\n    _this.onCancel = function () {\n      _this.props.onCancel();\n    };\n\n    _this.onChange = function (event, value) {\n      _this.setState({ params: { projectName: value } });\n      console.log(\"value:\" + projectName);\n    };\n    return _this;\n  }\n\n  /* componentWillMount() {\n    console.log(\"dilaog mount\");\n  }\n   componentWillReceiveProps(props) {\n    console.log(\"dialog props:\"+this.props.initialOpen);\n  } */\n\n\n  DialogProjectInfo.prototype.render = function () {\n    function render() {\n      var actions = [React.createElement(FlatButton, {\n        label: 'Cancel',\n        primary: true,\n        onTouchTap: this.onSubmit\n      }), React.createElement(FlatButton, {\n        label: 'Submit',\n        primary: true,\n        keyboardFocused: true,\n        onTouchTap: this.onCancel\n      })];\n      console.log(\"dialog props:\" + this.props.initialOpen);\n\n      return React.createElement(\n        'div',\n        null,\n        React.createElement(\n          Dialog,\n          {\n            title: 'プロジェクト情報',\n            actions: actions,\n            modal: false,\n            open: this.props.open,\n            onRequestClose: this.handleClose,\n            autoScrollBodyContent: true\n          },\n          React.createElement(\n            'div',\n            { style: { float: 'left' } },\n            React.createElement(TextField, { hintText: 'Hint Text', floatingLabelText: 'プロジェクト名', onChange: this.onChange }),\n            React.createElement('br', null),\n            React.createElement(TextField, { hintText: 'Hint Text', floatingLabelText: '顧客名', value: this.state.params.customerName }),\n            ' ',\n            React.createElement('br', null),\n            React.createElement(TextField, { hintText: 'Hint Text', floatingLabelText: '対応事業部名', value: this.state.params.divisionName }),\n            React.createElement('br', null),\n            React.createElement(DatePicker, { hintText: '開始日', mode: 'landscape', value: this.state.params.dateBegin }),\n            React.createElement('br', null),\n            React.createElement(DatePicker, { hintText: '終了日', mode: 'landscape', value: this.state.params.dateEnd }),\n            React.createElement('br', null),\n            '業種',\n            React.createElement(\n              DropDownMenu,\n              { value: this.state.params.bisCategory, onChange: this.handleChange },\n              React.createElement(MenuItem, { value: 1, primaryText: '一般制御システム' }),\n              React.createElement(MenuItem, { value: 2, primaryText: '自動車システム' }),\n              React.createElement(MenuItem, { value: 3, primaryText: '電力システム' })\n            ),\n            React.createElement('br', null),\n            '分析アルゴリズム',\n            React.createElement(\n              DropDownMenu,\n              { value: this.state.params.algoType, onChange: this.handleChange },\n              React.createElement(MenuItem, { value: 1, primaryText: 'v0.1' }),\n              React.createElement(MenuItem, { value: 2, primaryText: 'v0.2' }),\n              React.createElement(MenuItem, { value: 3, primaryText: 'v0.3' })\n            ),\n            React.createElement('br', null),\n            '脅威データベース',\n            React.createElement(\n              DropDownMenu,\n              { value: this.state.params.tDBType, onChange: this.handleChange },\n              React.createElement(MenuItem, { value: 1, primaryText: 'v0.1' }),\n              React.createElement(MenuItem, { value: 2, primaryText: 'v0.2' }),\n              React.createElement(MenuItem, { value: 3, primaryText: 'v0.3' })\n            ),\n            React.createElement('br', null),\n            '対策データベース',\n            React.createElement(\n              DropDownMenu,\n              { value: this.state.params.mDBType, onChange: this.handleChange },\n              React.createElement(MenuItem, { value: 1, primaryText: 'v0.1' }),\n              React.createElement(MenuItem, { value: 2, primaryText: 'v0.2' }),\n              React.createElement(MenuItem, { value: 3, primaryText: 'v0.3' })\n            )\n          ),\n          React.createElement(\n            'div',\n            { style: { float: 'left', width: '40px' } },\n            '　 '\n          ),\n          React.createElement(\n            'div',\n            null,\n            React.createElement(TextField, {\n              hintText: 'Message Field',\n              floatingLabelText: 'メモ',\n              multiLine: true,\n              rows: 20,\n              value: this.state.params.memo\n            })\n          )\n        )\n      );\n    }\n\n    return render;\n  }();\n\n  return DialogProjectInfo;\n}(Component);\n\n/* Task.propTypes = {\n  // This component gets the task to display through a React prop.\n  // We can use propTypes to indicate it is required\n  task: PropTypes.object.isRequired,\n}; */\n\n\nmodule.export(\"default\",exports.default=(DialogProjectInfo));","ast":null,"map":{"version":3,"sources":["/imports/ui/projects/DialogProjectInfo.jsx"],"names":[],"mappings":";;;;AAAA,OAAO,KAAP,IAAgB,SAAhB,EAA2B,SAA3B,QAA4C,OAA5C;AACA,SAAS,cAAT,QAA+B,cAA/B;AACA,OAAO,MAAP,MAAmB,oBAAnB;AACA,OAAO,MAAP,MAAmB,oBAAnB;AACA,OAAO,IAAP,MAAiB,kBAAjB;AACA,OAAO,QAAP,MAAqB,sBAArB;AACA,OAAO,YAAP,MAAyB,0BAAzB;AACA,OAAO,MAAP,MAAmB,oBAAnB;AACA,OAAO,UAAP,MAAuB,wBAAvB;AACA,OAAO,SAAP,MAAsB,uBAAtB;AACA,OAAO,UAAP,MAAuB,wBAAvB;AACA,OAAO,YAAP,MAAyB,0BAAzB;;;;;IAIqB,iB;;;;;;;;;qBAGI;AACrB,eAAO;AACL,gBAAM,MAAM,SAAN,CAAgB,IAAhB,CAAqB,UADtB;AAEL,oBAAU,MAAM,SAAN,CAAgB,IAAhB,CAAqB,UAF1B;AAGL,oBAAU,MAAM,SAAN,CAAgB,IAAhB,CAAqB,UAH1B;AAIL,kBAAO,MAAM,SAAN,CAAgB;AAJlB,SAAP;AAMD;;;;;;;qBAEyB;AACxB,eAAQ;AACN,gBAAM;AADA,SAAR;AAGD;;;;;;AAED,6BAAY,KAAZ,EAAmB;AAAA;;AAAA,iDACjB,sBAAM,KAAN,CADiB;;AAEjB,UAAK,KAAL,GAAa;;AAEX,YAAM,KAFK;;;AAKX,cAAQ;;;;;;;;;;;AAWN,qBAAa,EAXP;AAYN,sBAAc,EAZR;AAaN,sBAAa,EAbP;AAcN,mBAAW,IAAI,IAAJ,EAdL;AAeN,iBAAS,IAAI,IAAJ,EAfH;AAgBN,qBAAa,CAhBP;AAiBN,kBAAU,CAjBJ;AAkBN,iBAAS,CAlBH;AAmBN,iBAAS,CAnBH;AAoBN,cAAM;AApBA;AALG,KAAb;;;;;;AAiCA,UAAK,QAAL,GAAgB,YAAM;AACpB,YAAK,KAAL,CAAW,QAAX,CAAoB,MAAK,KAAL,CAAW,MAA/B;AACD,KAFD;AAGA,UAAK,QAAL,GAAgB,YAAM;AACpB,YAAK,KAAL,CAAW,QAAX;AACD,KAFD;;AAIA,UAAK,QAAL,GAAgB,UAAC,KAAD,EAAO,KAAP,EAAiB;AAC/B,YAAK,QAAL,CAAc,EAAC,QAAQ,EAAC,aAAc,KAAf,EAAT,EAAd;AACA,cAAQ,GAAR,CAAY,WAAS,WAArB;AACD,KAHD;AA1CiB;AA8ClB;;;;;;;;;;8BASD,M;sBAAS;AACP,UAAM,UAAU,CACd,oBAAC,UAAD;AACE,eAAM,QADR;AAEE,iBAAS,IAFX;AAGE,oBAAY,KAAK;AAHnB,QADc,EAMd,oBAAC,UAAD;AACE,eAAM,QADR;AAEE,iBAAS,IAFX;AAGE,yBAAiB,IAHnB;AAIE,oBAAY,KAAK;AAJnB,QANc,CAAhB;AAaA,cAAQ,GAAR,CAAY,kBAAgB,KAAK,KAAL,CAAW,WAAvC;;AAEA,aACE;AAAA;AAAA;AACE;AAAC,gBAAD;AAAA;AACE,mBAAM,UADR;AAEE,qBAAS,OAFX;AAGE,mBAAO,KAHT;AAIE,kBAAM,KAAK,KAAL,CAAW,IAJnB;AAKE,4BAAgB,KAAK,WALvB;AAME,mCAAuB;AANzB;AAQI;AAAA;AAAA,cAAK,OAAO,EAAC,OAAM,MAAP,EAAZ;AACI,gCAAC,SAAD,IAAW,UAAS,WAApB,EAAgC,mBAAkB,SAAlD,EAA4D,UAAU,KAAK,QAA3E,GADJ;AAC0F,2CAD1F;AAEI,gCAAC,SAAD,IAAW,UAAS,WAApB,EAAgC,mBAAkB,KAAlD,EAAwD,OAAO,KAAK,KAAL,CAAW,MAAX,CAAkB,YAAjF,GAFJ;AAAA;AAEqG,2CAFrG;AAGI,gCAAC,SAAD,IAAW,UAAS,WAApB,EAAgC,mBAAkB,QAAlD,EAA2D,OAAO,KAAK,KAAL,CAAW,MAAX,CAAkB,YAApF,GAHJ;AAGuG,2CAHvG;AAII,gCAAC,UAAD,IAAY,UAAS,KAArB,EAA2B,MAAK,WAAhC,EAA4C,OAAO,KAAK,KAAL,CAAW,MAAX,CAAkB,SAArE,GAJJ;AAIqF,2CAJrF;AAKI,gCAAC,UAAD,IAAY,UAAS,KAArB,EAA2B,MAAK,WAAhC,EAA4C,OAAO,KAAK,KAAL,CAAW,MAAX,CAAkB,OAArE,GALJ;AAKmF,2CALnF;AAAA;AAOI;AAAC,0BAAD;AAAA,gBAAc,OAAO,KAAK,KAAL,CAAW,MAAX,CAAkB,WAAvC,EAAoD,UAAU,KAAK,YAAnE;AACE,kCAAC,QAAD,IAAU,OAAO,CAAjB,EAAoB,aAAY,UAAhC,GADF;AAEE,kCAAC,QAAD,IAAU,OAAO,CAAjB,EAAoB,aAAY,SAAhC,GAFF;AAGE,kCAAC,QAAD,IAAU,OAAO,CAAjB,EAAoB,aAAY,QAAhC;AAHF,aAPJ;AAWmB,2CAXnB;AAAA;AAaI;AAAC,0BAAD;AAAA,gBAAc,OAAO,KAAK,KAAL,CAAW,MAAX,CAAkB,QAAvC,EAAiD,UAAU,KAAK,YAAhE;AACE,kCAAC,QAAD,IAAU,OAAO,CAAjB,EAAoB,aAAY,MAAhC,GADF;AAEE,kCAAC,QAAD,IAAU,OAAO,CAAjB,EAAoB,aAAY,MAAhC,GAFF;AAGE,kCAAC,QAAD,IAAU,OAAO,CAAjB,EAAoB,aAAY,MAAhC;AAHF,aAbJ;AAiBmB,2CAjBnB;AAAA;AAmBI;AAAC,0BAAD;AAAA,gBAAc,OAAO,KAAK,KAAL,CAAW,MAAX,CAAkB,OAAvC,EAAgD,UAAU,KAAK,YAA/D;AACE,kCAAC,QAAD,IAAU,OAAO,CAAjB,EAAoB,aAAY,MAAhC,GADF;AAEE,kCAAC,QAAD,IAAU,OAAO,CAAjB,EAAoB,aAAY,MAAhC,GAFF;AAGE,kCAAC,QAAD,IAAU,OAAO,CAAjB,EAAoB,aAAY,MAAhC;AAHF,aAnBJ;AAuBmB,2CAvBnB;AAAA;AAyBI;AAAC,0BAAD;AAAA,gBAAc,OAAO,KAAK,KAAL,CAAW,MAAX,CAAkB,OAAvC,EAAgD,UAAU,KAAK,YAA/D;AACE,kCAAC,QAAD,IAAU,OAAO,CAAjB,EAAoB,aAAY,MAAhC,GADF;AAEE,kCAAC,QAAD,IAAU,OAAO,CAAjB,EAAoB,aAAY,MAAhC,GAFF;AAGE,kCAAC,QAAD,IAAU,OAAO,CAAjB,EAAoB,aAAY,MAAhC;AAHF;AAzBJ,WARJ;AAuCI;AAAA;AAAA,cAAK,OAAO,EAAC,OAAM,MAAP,EAAgB,OAAM,MAAtB,EAAZ;AAAA;AAAA,WAvCJ;AA0CI;AAAA;AAAA;AACI,gCAAC,SAAD;AACE,wBAAS,eADX;AAEE,iCAAkB,IAFpB;AAGE,yBAAW,IAHb;AAIE,oBAAM,EAJR;AAKE,qBAAO,KAAK,KAAL,CAAW,MAAX,CAAkB;AAL3B;AADJ;AA1CJ;AADF,OADF;AAwDD;;;;;;EAjJ4C,S;;;;;;;;;eAA1B,iB","file":"/imports/ui/projects/DialogProjectInfo.jsx.map","sourcesContent":["import React, { Component, PropTypes } from 'react';\nimport { browserHistory } from 'react-router';\nimport AppBar from 'material-ui/AppBar';\nimport Drawer from 'material-ui/Drawer';\nimport Menu from 'material-ui/Menu';\nimport MenuItem from 'material-ui/MenuItem';\nimport RaisedButton from 'material-ui/RaisedButton';\nimport Dialog from 'material-ui/Dialog';\nimport FlatButton from 'material-ui/FlatButton';\nimport TextField from 'material-ui/TextField';\nimport DatePicker from 'material-ui/DatePicker';\nimport DropDownMenu from 'material-ui/DropDownMenu';\n// import { Grid, Row, Col } from 'react-flexbox-grid';\n\n// Task component - represents a single todo item\nexport default class DialogProjectInfo extends Component {\n  \n  // I/F定義\n  static get propTypes() { \n    return { \n      open: React.PropTypes.bool.isRequired,\n      onCancel: React.PropTypes.func.isRequired,\n      onSubmit: React.PropTypes.func.isRequired,\n      params:React.PropTypes.array\n    };\n  }\n\n  static get defaultProps() {\n    return  { \n      open: false,\n    }; \n  }\n\n  constructor(props) {\n    super(props);\n    this.state = {\n      // ダイアログ表示ステート\n      open: false,\n      // パラメータ\n      // projectName: \"\",\n      params: {\n        /* projectName: \"デフォルトプロジェクト\",\n        customerName: \"顧客名\",\n        divisionName:\"対応事業部名\",\n        dateBegin: new Date(),\n        dateEnd: new Date(),\n        bisCategory: 1, \n        algoType: 1,\n        tDBType: 1,\n        mDBType: 1,\n        memo: \"プロジェクトの概要説明など記載して下さい。\" */\n        projectName: \"\",\n        customerName: \"\",\n        divisionName:\"\",\n        dateBegin: new Date(),\n        dateEnd: new Date(),\n        bisCategory: 1, \n        algoType: 1,\n        tDBType: 1,\n        mDBType: 1,\n        memo: \"\"\n      }\n    };\n\n    /* this.handleOpen = () => {\n      this.setState({open: true});\n    }; */\n\n    this.onSubmit = () => {\n      this.props.onSubmit(this.state.params);\n    };\n    this.onCancel = () => {\n      this.props.onCancel();\n    };   \n\n    this.onChange = (event,value) => {\n      this.setState({params: {projectName : value}});\n      console.log(\"value:\"+projectName);\n    }\n  }\n\n  /* componentWillMount() {\n    console.log(\"dilaog mount\");\n  }\n\n  componentWillReceiveProps(props) {\n    console.log(\"dialog props:\"+this.props.initialOpen);\n  } */\n  render() {\n    const actions = [\n      <FlatButton\n        label=\"Cancel\"\n        primary={true}\n        onTouchTap={this.onSubmit}\n      />,\n      <FlatButton\n        label=\"Submit\"\n        primary={true}\n        keyboardFocused={true}\n        onTouchTap={this.onCancel}\n      />\n    ];\n    console.log(\"dialog props:\"+this.props.initialOpen);\n\n    return (\n      <div>\n        <Dialog\n          title=\"プロジェクト情報\"\n          actions={actions}\n          modal={false}\n          open={this.props.open}\n          onRequestClose={this.handleClose}\n          autoScrollBodyContent={true}\n        >\n            <div style={{float:'left'}}>\n                <TextField　hintText=\"Hint Text\"　floatingLabelText=\"プロジェクト名\" onChange={this.onChange}/><br/>\n                <TextField　hintText=\"Hint Text\"　floatingLabelText=\"顧客名\"　value={this.state.params.customerName}/> <br/>\n                <TextField　hintText=\"Hint Text\"　floatingLabelText=\"対応事業部名\" value={this.state.params.divisionName}/><br/>\n                <DatePicker hintText=\"開始日\" mode=\"landscape\" value={this.state.params.dateBegin}/><br/>\n                <DatePicker hintText=\"終了日\" mode=\"landscape\" value={this.state.params.dateEnd}/><br/>\n                業種\n                <DropDownMenu value={this.state.params.bisCategory} onChange={this.handleChange}>\n                  <MenuItem value={1} primaryText=\"一般制御システム\" />\n                  <MenuItem value={2} primaryText=\"自動車システム\" />\n                  <MenuItem value={3} primaryText=\"電力システム\" />\n                </DropDownMenu><br/>\n                分析アルゴリズム\n                <DropDownMenu value={this.state.params.algoType} onChange={this.handleChange}>\n                  <MenuItem value={1} primaryText=\"v0.1\" />\n                  <MenuItem value={2} primaryText=\"v0.2\" />\n                  <MenuItem value={3} primaryText=\"v0.3\" />\n                </DropDownMenu><br/>\n                脅威データベース\n                <DropDownMenu value={this.state.params.tDBType} onChange={this.handleChange}>\n                  <MenuItem value={1} primaryText=\"v0.1\" />\n                  <MenuItem value={2} primaryText=\"v0.2\" />\n                  <MenuItem value={3} primaryText=\"v0.3\" />\n                </DropDownMenu><br/>\n                対策データベース\n                <DropDownMenu value={this.state.params.mDBType} onChange={this.handleChange}>\n                  <MenuItem value={1} primaryText=\"v0.1\" />\n                  <MenuItem value={2} primaryText=\"v0.2\" />\n                  <MenuItem value={3} primaryText=\"v0.3\" />\n                </DropDownMenu>\n            </div>\n            <div style={{float:'left' , width:'40px'}} >\n            　&nbsp;\n            </div>\n            <div>\n                <TextField\n                  hintText=\"Message Field\"\n                  floatingLabelText=\"メモ\"\n                  multiLine={true}\n                  rows={20}\n                  value={this.state.params.memo}\n                />\n            </div>\n        </Dialog> \n      </div>\n    );\n  }\n} \n \n/* Task.propTypes = {\n  // This component gets the task to display through a React prop.\n  // We can use propTypes to indicate it is required\n  task: PropTypes.object.isRequired,\n}; */\n\n\n"]},"hash":"55cf8cdcfe1fd78a192b4e55d9ec34e191db8a3c"}
