{"metadata":{"usedHelpers":["inherits","createClass","possibleConstructorReturn","classCallCheck"],"marked":[],"modules":{"imports":[{"source":"react","imported":["default","Component","PropTypes"],"specifiers":[{"kind":"named","imported":"default","local":"React"},{"kind":"named","imported":"Component","local":"Component"},{"kind":"named","imported":"PropTypes","local":"PropTypes"}]},{"source":"react-dom","imported":["default"],"specifiers":[{"kind":"named","imported":"default","local":"ReactDOM"}]},{"source":"react-router","imported":["browserHistory"],"specifiers":[{"kind":"named","imported":"browserHistory","local":"browserHistory"}]},{"source":"material-ui/AppBar","imported":["default"],"specifiers":[{"kind":"named","imported":"default","local":"AppBar"}]},{"source":"material-ui/Drawer","imported":["default"],"specifiers":[{"kind":"named","imported":"default","local":"Drawer"}]},{"source":"material-ui/Menu","imported":["default"],"specifiers":[{"kind":"named","imported":"default","local":"Menu"}]},{"source":"material-ui/MenuItem","imported":["default"],"specifiers":[{"kind":"named","imported":"default","local":"MenuItem"}]},{"source":"material-ui/RaisedButton","imported":["default"],"specifiers":[{"kind":"named","imported":"default","local":"RaisedButton"}]},{"source":"material-ui/Dialog","imported":["default"],"specifiers":[{"kind":"named","imported":"default","local":"Dialog"}]},{"source":"material-ui/FlatButton","imported":["default"],"specifiers":[{"kind":"named","imported":"default","local":"FlatButton"}]},{"source":"material-ui/TextField","imported":["default"],"specifiers":[{"kind":"named","imported":"default","local":"TextField"}]},{"source":"material-ui/DatePicker","imported":["default"],"specifiers":[{"kind":"named","imported":"default","local":"DatePicker"}]},{"source":"material-ui/DropDownMenu","imported":["default"],"specifiers":[{"kind":"named","imported":"default","local":"DropDownMenu"}]}],"exports":{"exported":["DialogProjectInfo"],"specifiers":[{"kind":"local","local":"DialogProjectInfo","exported":"default"}]}}},"options":{"filename":"/imports/ui/projects/DialogProjectInfo.jsx","filenameRelative":"/imports/ui/projects/DialogProjectInfo.jsx","env":{},"retainLines":false,"highlightCode":true,"suppressDeprecationMessages":false,"presets":[],"plugins":[[[],{"polyfill":false}],[[],null],[[],null],[[],null],[[],null],[[],null],[[],null],[[],null],[[],null],[[],null],[[],null],[[],null],[[],null],[[],null],[[],{"loose":true}],[[],{"loose":true}],[[],null],[[],{"loose":true}],[[],null],[[],null],[[],null],[[],null],[[],null],[[],null],[[],null],[[],{"loose":true}],[[],null],[[],null],[[],null],[[],null],[[],null],[[],null],[[],null],[[],null]],"ignore":[],"code":true,"metadata":true,"ast":false,"comments":true,"compact":false,"minified":false,"sourceMap":true,"sourceMaps":true,"sourceMapTarget":"/imports/ui/projects/DialogProjectInfo.jsx.map","sourceFileName":"/imports/ui/projects/DialogProjectInfo.jsx","babelrc":false,"sourceType":"module","moduleIds":false,"passPerPreset":false,"basename":"DialogProjectInfo"},"ignored":false,"code":"var _classCallCheck;module.import('babel-runtime/helpers/classCallCheck',{\"default\":function(v){_classCallCheck=v}});var _possibleConstructorReturn;module.import('babel-runtime/helpers/possibleConstructorReturn',{\"default\":function(v){_possibleConstructorReturn=v}});var _createClass;module.import('babel-runtime/helpers/createClass',{\"default\":function(v){_createClass=v}});var _inherits;module.import('babel-runtime/helpers/inherits',{\"default\":function(v){_inherits=v}});var React,Component,PropTypes;module.import('react',{\"default\":function(v){React=v},\"Component\":function(v){Component=v},\"PropTypes\":function(v){PropTypes=v}});var ReactDOM;module.import('react-dom',{\"default\":function(v){ReactDOM=v}});var browserHistory;module.import('react-router',{\"browserHistory\":function(v){browserHistory=v}});var AppBar;module.import('material-ui/AppBar',{\"default\":function(v){AppBar=v}});var Drawer;module.import('material-ui/Drawer',{\"default\":function(v){Drawer=v}});var Menu;module.import('material-ui/Menu',{\"default\":function(v){Menu=v}});var MenuItem;module.import('material-ui/MenuItem',{\"default\":function(v){MenuItem=v}});var RaisedButton;module.import('material-ui/RaisedButton',{\"default\":function(v){RaisedButton=v}});var Dialog;module.import('material-ui/Dialog',{\"default\":function(v){Dialog=v}});var FlatButton;module.import('material-ui/FlatButton',{\"default\":function(v){FlatButton=v}});var TextField;module.import('material-ui/TextField',{\"default\":function(v){TextField=v}});var DatePicker;module.import('material-ui/DatePicker',{\"default\":function(v){DatePicker=v}});var DropDownMenu;module.import('material-ui/DropDownMenu',{\"default\":function(v){DropDownMenu=v}});\n\n\n\n\n\n\n\n\n\n\n\n\n\n\n\n\n// import { Grid, Row, Col } from 'react-flexbox-grid';\n\n// Task component - represents a single todo item\n\nvar DialogProjectInfo = function (_Component) {\n  _inherits(DialogProjectInfo, _Component);\n\n  _createClass(DialogProjectInfo, null, [{\n    key: 'propTypes',\n\n\n    // I/F定義\n    get: function get() {\n      return {\n        open: React.PropTypes.bool.isRequired,\n        onCancel: React.PropTypes.func.isRequired,\n        onSubmit: React.PropTypes.func.isRequired,\n        params: React.PropTypes.array\n      };\n    }\n  }, {\n    key: 'defaultProps',\n    get: function get() {\n      return {\n        open: false\n      };\n    }\n  }]);\n\n  function DialogProjectInfo(props) {\n    _classCallCheck(this, DialogProjectInfo);\n\n    var _this = _possibleConstructorReturn(this, _Component.call(this, props));\n\n    _this.state = {\n      // ダイアログ表示ステート\n      open: false,\n      // パラメータ\n      // projectName: \"\",\n      bisCategory: 1,\n      projectName: \"デフォルトプロジェクト\",\n      customerName: \"顧客名\",\n      divisionName: \"対応事業部名\",\n      dateBegin: new Date(),\n      dateEnd: new Date(),\n      bisCategoryID: 2,\n      algorythmID: 1,\n      tDBID: 1,\n      mDBID: 1,\n      memo: \"プロジェクトの概要説明など記載して下さい。\"\n    };\n\n    _this.menuItemsBisCategoryArr = [{ value: 1, text: '一般制御システム' }, { value: 2, text: '自動車システム' }, { value: 3, text: '電力システム' }];\n    /* this.handleOpen = () => {\n      this.setState({open: true});\n    }; */\n\n    _this.onSubmit = function () {\n      // console.log(this.refs.pn.getDOMNode());\n      console.log(ReactDOM.findDOMNode(_this.refs));\n      // this.setState({projectName: this.refs.projectName.props.value}) \n      _this.props.onSubmit(_this.state);\n    };\n\n    _this.onCancel = function () {\n      _this.props.onCancel();\n    };\n\n    _this.onChangeBisCategory = function (event, index, bisCategoryID) {\n      _this.setState({ bisCategoryID: bisCategoryID });\n      // console.log(\"業種:\"+this.state.params.bisCategory+\" \"+bisCategory);\n    };\n    /* this.onChangeAlgoType\n    this.onChangeTDBType\n    this.onChangeMDBType */\n    /* this.onChange = (event,value) => {\n      // this.setState({params: {projectName : value}});\n      console.log(\"value:\"+this.state.params.projectName);\n    } */\n    return _this;\n  }\n\n  /* componentWillMount() {\n    console.log(\"dilaog mount\");\n  }\n   componentWillReceiveProps(props) {\n    console.log(\"dialog props:\"+this.props.initialOpen);\n  } */\n\n\n  DialogProjectInfo.prototype.render = function render() {\n    var actions = [React.createElement(FlatButton, {\n      label: 'Cancel',\n      primary: true,\n      onTouchTap: this.onCancel\n    }), React.createElement(FlatButton, {\n      label: 'Submit',\n      primary: true,\n      keyboardFocused: true,\n      onTouchTap: this.onSubmit\n    })];\n\n    return React.createElement(\n      'div',\n      null,\n      React.createElement(\n        Dialog,\n        {\n          title: 'プロジェクト情報',\n          actions: actions,\n          modal: false,\n          open: this.props.open,\n          onRequestClose: this.handleClose,\n          autoScrollBodyContent: true\n        },\n        React.createElement(\n          'div',\n          { style: { float: 'left' } },\n          React.createElement(TextField, { ref: 'pn', floatingLabelText: 'プロジェクト名', defaultValue: this.state.projectName }),\n          React.createElement('br', null),\n          React.createElement(TextField, { floatingLabelText: '顧客名', defaultValue: this.state.customerName }),\n          ' ',\n          React.createElement('br', null),\n          React.createElement(TextField, { floatingLabelText: '対応事業部名', defaultValue: this.state.divisionName }),\n          React.createElement('br', null),\n          React.createElement(DatePicker, { floatingLabelText: '開始日', mode: 'landscape', defaultValue: this.state.dateBegin }),\n          React.createElement('br', null),\n          React.createElement(DatePicker, { floatingLabelText: '終了日', mode: 'landscape', defaultValue: this.state.dateEnd }),\n          React.createElement('br', null),\n          '業種',\n          React.createElement(\n            DropDownMenu,\n            {\n              value: this.state.bisCategoryID,\n              onChange: this.onChangeBisCategory },\n            this.menuItemsBisCategoryArr.map(function (menuItem) {\n              return React.createElement(MenuItem, { key: menuItem.value, value: menuItem.value, primaryText: menuItem.text });\n            })\n          ),\n          React.createElement('br', null),\n          '分析アルゴリズム',\n          React.createElement(\n            DropDownMenu,\n            { value: this.state.algorythmID, onChange: this.onChangeAlgoType },\n            React.createElement(MenuItem, { value: 1, primaryText: 'v0.1' }),\n            React.createElement(MenuItem, { value: 2, primaryText: 'v0.2' }),\n            React.createElement(MenuItem, { value: 3, primaryText: 'v0.3' })\n          ),\n          React.createElement('br', null),\n          '脅威データベース',\n          React.createElement(\n            DropDownMenu,\n            { value: this.state.tDBTypeID, onChange: this.onChangeTDBType },\n            React.createElement(MenuItem, { value: 1, primaryText: 'v0.1' }),\n            React.createElement(MenuItem, { value: 2, primaryText: 'v0.2' }),\n            React.createElement(MenuItem, { value: 3, primaryText: 'v0.3' })\n          ),\n          React.createElement('br', null),\n          '対策データベース',\n          React.createElement(\n            DropDownMenu,\n            { value: this.state.mDBTypeID, onChange: this.onChangeMDBType },\n            React.createElement(MenuItem, { value: 1, primaryText: 'v0.1' }),\n            React.createElement(MenuItem, { value: 2, primaryText: 'v0.2' }),\n            React.createElement(MenuItem, { value: 3, primaryText: 'v0.3' })\n          )\n        ),\n        React.createElement(\n          'div',\n          { style: { float: 'left', width: '40px' } },\n          '　 '\n        ),\n        React.createElement(\n          'div',\n          null,\n          React.createElement(TextField, {\n            floatingLabelText: 'メモ',\n            defaultValue: this.state.memo,\n            multiLine: true,\n            rows: 20\n          })\n        )\n      )\n    );\n  };\n\n  return DialogProjectInfo;\n}(Component);\n\nmodule.export(\"default\",exports.default=(DialogProjectInfo));","ast":null,"map":{"version":3,"sources":["/imports/ui/projects/DialogProjectInfo.jsx"],"names":[],"mappings":";;;;AAAA,OAAO,KAAP,IAAgB,SAAhB,EAA2B,SAA3B,QAA4C,OAA5C;AACA,OAAO,QAAP,MAAqB,WAArB;AACA,SAAS,cAAT,QAA+B,cAA/B;AACA,OAAO,MAAP,MAAmB,oBAAnB;AACA,OAAO,MAAP,MAAmB,oBAAnB;AACA,OAAO,IAAP,MAAiB,kBAAjB;AACA,OAAO,QAAP,MAAqB,sBAArB;AACA,OAAO,YAAP,MAAyB,0BAAzB;AACA,OAAO,MAAP,MAAmB,oBAAnB;AACA,OAAO,UAAP,MAAuB,wBAAvB;AACA,OAAO,SAAP,MAAsB,uBAAtB;AACA,OAAO,UAAP,MAAuB,wBAAvB;AACA,OAAO,YAAP,MAAyB,0BAAzB;;;;;IAIqB,iB;;;;;;;;wBAGI;AACrB,aAAO;AACL,cAAM,MAAM,SAAN,CAAgB,IAAhB,CAAqB,UADtB;AAEL,kBAAU,MAAM,SAAN,CAAgB,IAAhB,CAAqB,UAF1B;AAGL,kBAAU,MAAM,SAAN,CAAgB,IAAhB,CAAqB,UAH1B;AAIL,gBAAO,MAAM,SAAN,CAAgB;AAJlB,OAAP;AAMD;;;wBAEyB;AACxB,aAAQ;AACN,cAAM;AADA,OAAR;AAGD;;;AAED,6BAAY,KAAZ,EAAmB;AAAA;;AAAA,iDACjB,sBAAM,KAAN,CADiB;;AAGjB,UAAK,KAAL,GAAa;;AAEX,YAAM,KAFK;;;AAKX,mBAAa,CALF;AAMX,mBAAa,aANF;AAOX,oBAAc,KAPH;AAQX,oBAAa,QARF;AASX,iBAAW,IAAI,IAAJ,EATA;AAUX,eAAS,IAAI,IAAJ,EAVE;AAWX,qBAAe,CAXJ;AAYX,mBAAa,CAZF;AAaX,aAAO,CAbI;AAcX,aAAO,CAdI;AAeX,YAAM;AAfK,KAAb;;AAkBA,UAAK,uBAAL,GAA+B,CAC7B,EAAE,OAAO,CAAT,EAAY,MAAM,UAAlB,EAD6B,EAE7B,EAAE,OAAO,CAAT,EAAY,MAAM,SAAlB,EAF6B,EAG7B,EAAE,OAAO,CAAT,EAAY,MAAM,QAAlB,EAH6B,CAA/B;;;;;AASA,UAAK,QAAL,GAAgB,YAAM;;AAEpB,cAAQ,GAAR,CAAY,SAAS,WAAT,CAAqB,MAAK,IAA1B,CAAZ;;AAEA,YAAK,KAAL,CAAW,QAAX,CAAoB,MAAK,KAAzB;AACD,KALD;;AAOA,UAAK,QAAL,GAAgB,YAAM;AACpB,YAAK,KAAL,CAAW,QAAX;AACD,KAFD;;AAIA,UAAK,mBAAL,GAA2B,UAAC,KAAD,EAAO,KAAP,EAAa,aAAb,EAA+B;AACxD,YAAK,QAAL,CAAc,EAAC,4BAAD,EAAd;;AAED,KAHD;;;;;;;;AAzCiB;AAoDlB;;;;;;;;;;8BASD,M,qBAAS;AACP,QAAM,UAAU,CACd,oBAAC,UAAD;AACE,aAAM,QADR;AAEE,eAAS,IAFX;AAGE,kBAAY,KAAK;AAHnB,MADc,EAMd,oBAAC,UAAD;AACE,aAAM,QADR;AAEE,eAAS,IAFX;AAGE,uBAAiB,IAHnB;AAIE,kBAAY,KAAK;AAJnB,MANc,CAAhB;;AAcA,WACE;AAAA;AAAA;AACE;AAAC,cAAD;AAAA;AACE,iBAAM,UADR;AAEE,mBAAS,OAFX;AAGE,iBAAO,KAHT;AAIE,gBAAM,KAAK,KAAL,CAAW,IAJnB;AAKE,0BAAgB,KAAK,WALvB;AAME,iCAAuB;AANzB;AAQI;AAAA;AAAA,YAAK,OAAO,EAAC,OAAM,MAAP,EAAZ;AACI,8BAAC,SAAD,IAAW,KAAI,IAAf,EAAoB,mBAAkB,SAAtC,EAAgD,cAAc,KAAK,KAAL,CAAW,WAAzE,GADJ;AAC4F,yCAD5F;AAEI,8BAAC,SAAD,IAAW,mBAAkB,KAA7B,EAAmC,cAAc,KAAK,KAAL,CAAW,YAA5D,GAFJ;AAAA;AAEgF,yCAFhF;AAGI,8BAAC,SAAD,IAAW,mBAAkB,QAA7B,EAAsC,cAAc,KAAK,KAAL,CAAW,YAA/D,GAHJ;AAGkF,yCAHlF;AAII,8BAAC,UAAD,IAAY,mBAAkB,KAA9B,EAAoC,MAAK,WAAzC,EAAqD,cAAc,KAAK,KAAL,CAAW,SAA9E,GAJJ;AAI8F,yCAJ9F;AAKI,8BAAC,UAAD,IAAY,mBAAkB,KAA9B,EAAoC,MAAK,WAAzC,EAAqD,cAAc,KAAK,KAAL,CAAW,OAA9E,GALJ;AAK4F,yCAL5F;AAAA;AAOI;AAAC,wBAAD;AAAA;AACE,qBAAO,KAAK,KAAL,CAAW,aADpB;AAEE,wBAAU,KAAK,mBAFjB;AAGG,iBAAK,uBAAL,CAA6B,GAA7B,CAAiC;AAAA,qBAChC,oBAAC,QAAD,IAAU,KAAK,SAAS,KAAxB,EAA+B,OAAO,SAAS,KAA/C,EAAsD,aAAa,SAAS,IAA5E,GADgC;AAAA,aAAjC;AAHH,WAPJ;AAamB,yCAbnB;AAAA;AAeI;AAAC,wBAAD;AAAA,cAAc,OAAO,KAAK,KAAL,CAAW,WAAhC,EAA6C,UAAU,KAAK,gBAA5D;AACE,gCAAC,QAAD,IAAU,OAAO,CAAjB,EAAoB,aAAY,MAAhC,GADF;AAEE,gCAAC,QAAD,IAAU,OAAO,CAAjB,EAAoB,aAAY,MAAhC,GAFF;AAGE,gCAAC,QAAD,IAAU,OAAO,CAAjB,EAAoB,aAAY,MAAhC;AAHF,WAfJ;AAmBmB,yCAnBnB;AAAA;AAqBI;AAAC,wBAAD;AAAA,cAAc,OAAO,KAAK,KAAL,CAAW,SAAhC,EAA2C,UAAU,KAAK,eAA1D;AACE,gCAAC,QAAD,IAAU,OAAO,CAAjB,EAAoB,aAAY,MAAhC,GADF;AAEE,gCAAC,QAAD,IAAU,OAAO,CAAjB,EAAoB,aAAY,MAAhC,GAFF;AAGE,gCAAC,QAAD,IAAU,OAAO,CAAjB,EAAoB,aAAY,MAAhC;AAHF,WArBJ;AAyBmB,yCAzBnB;AAAA;AA2BI;AAAC,wBAAD;AAAA,cAAc,OAAO,KAAK,KAAL,CAAW,SAAhC,EAA2C,UAAU,KAAK,eAA1D;AACE,gCAAC,QAAD,IAAU,OAAO,CAAjB,EAAoB,aAAY,MAAhC,GADF;AAEE,gCAAC,QAAD,IAAU,OAAO,CAAjB,EAAoB,aAAY,MAAhC,GAFF;AAGE,gCAAC,QAAD,IAAU,OAAO,CAAjB,EAAoB,aAAY,MAAhC;AAHF;AA3BJ,SARJ;AAyCI;AAAA;AAAA,YAAK,OAAO,EAAC,OAAM,MAAP,EAAgB,OAAM,MAAtB,EAAZ;AAAA;AAAA,SAzCJ;AA4CI;AAAA;AAAA;AACI,8BAAC,SAAD;AACE,+BAAkB,IADpB;AAEE,0BAAc,KAAK,KAAL,CAAW,IAF3B;AAGE,uBAAW,IAHb;AAIE,kBAAM;AAJR;AADJ;AA5CJ;AADF,KADF;AAyDD,G;;;EAvJ4C,S;;eAA1B,iB","file":"/imports/ui/projects/DialogProjectInfo.jsx.map","sourcesContent":["import React, { Component, PropTypes } from 'react';\nimport ReactDOM from 'react-dom';\nimport { browserHistory } from 'react-router';\nimport AppBar from 'material-ui/AppBar';\nimport Drawer from 'material-ui/Drawer';\nimport Menu from 'material-ui/Menu';\nimport MenuItem from 'material-ui/MenuItem';\nimport RaisedButton from 'material-ui/RaisedButton';\nimport Dialog from 'material-ui/Dialog';\nimport FlatButton from 'material-ui/FlatButton';\nimport TextField from 'material-ui/TextField';\nimport DatePicker from 'material-ui/DatePicker';\nimport DropDownMenu from 'material-ui/DropDownMenu';\n// import { Grid, Row, Col } from 'react-flexbox-grid';\n\n// Task component - represents a single todo item\nexport default class DialogProjectInfo extends Component {\n  \n  // I/F定義\n  static get propTypes() { \n    return { \n      open: React.PropTypes.bool.isRequired,\n      onCancel: React.PropTypes.func.isRequired,\n      onSubmit: React.PropTypes.func.isRequired,\n      params:React.PropTypes.array\n    };\n  }\n\n  static get defaultProps() {\n    return  { \n      open: false,\n    }; \n  }\n\n  constructor(props) {\n    super(props);\n\n    this.state = {\n      // ダイアログ表示ステート\n      open: false,\n      // パラメータ\n      // projectName: \"\",\n      bisCategory: 1,\n      projectName: \"デフォルトプロジェクト\",\n      customerName: \"顧客名\",\n      divisionName:\"対応事業部名\",\n      dateBegin: new Date(),\n      dateEnd: new Date(),\n      bisCategoryID: 2, \n      algorythmID: 1,\n      tDBID: 1,\n      mDBID: 1,\n      memo: \"プロジェクトの概要説明など記載して下さい。\" \n    };\n\n    this.menuItemsBisCategoryArr = [\n      { value: 1, text: '一般制御システム' },\n      { value: 2, text: '自動車システム' },\n      { value: 3, text: '電力システム' }\n    ];\n    /* this.handleOpen = () => {\n      this.setState({open: true});\n    }; */\n\n    this.onSubmit = () => {\n      // console.log(this.refs.pn.getDOMNode());\n      console.log(ReactDOM.findDOMNode(this.refs));\n      // this.setState({projectName: this.refs.projectName.props.value})  \n      this.props.onSubmit(this.state);\n    };\n\n    this.onCancel = () => {\n      this.props.onCancel();\n    };   \n\n    this.onChangeBisCategory = (event,index,bisCategoryID) => {\n      this.setState({bisCategoryID});\n      // console.log(\"業種:\"+this.state.params.bisCategory+\" \"+bisCategory);\n    }\n    /* this.onChangeAlgoType\n    this.onChangeTDBType\n    this.onChangeMDBType */\n    /* this.onChange = (event,value) => {\n      // this.setState({params: {projectName : value}});\n      console.log(\"value:\"+this.state.params.projectName);\n    } */\n  }\n   \n  /* componentWillMount() {\n    console.log(\"dilaog mount\");\n  }\n\n  componentWillReceiveProps(props) {\n    console.log(\"dialog props:\"+this.props.initialOpen);\n  } */\n  render() {\n    const actions = [\n      <FlatButton\n        label=\"Cancel\"\n        primary={true}\n        onTouchTap={this.onCancel}\n      />,\n      <FlatButton\n        label=\"Submit\"\n        primary={true}\n        keyboardFocused={true}\n        onTouchTap={this.onSubmit}\n      />\n    ];\n\n    return (\n      <div>\n        <Dialog\n          title=\"プロジェクト情報\"\n          actions={actions}\n          modal={false}\n          open={this.props.open}\n          onRequestClose={this.handleClose}\n          autoScrollBodyContent={true}\n        >\n            <div style={{float:'left'}}>\n                <TextField　ref=\"pn\" floatingLabelText=\"プロジェクト名\" defaultValue={this.state.projectName} /><br/>\n                <TextField　floatingLabelText=\"顧客名\"　defaultValue={this.state.customerName}/> <br/>\n                <TextField　floatingLabelText=\"対応事業部名\" defaultValue={this.state.divisionName}/><br/>\n                <DatePicker floatingLabelText=\"開始日\" mode=\"landscape\" defaultValue={this.state.dateBegin}/><br/>\n                <DatePicker floatingLabelText=\"終了日\" mode=\"landscape\" defaultValue={this.state.dateEnd}/><br/>\n                業種\n                <DropDownMenu \n                  value={this.state.bisCategoryID}\n                  onChange={this.onChangeBisCategory}>\n                  {this.menuItemsBisCategoryArr.map(menuItem => (\n                    <MenuItem key={menuItem.value} value={menuItem.value} primaryText={menuItem.text} />\n                  ))}\n                </DropDownMenu><br/>\n                分析アルゴリズム\n                <DropDownMenu value={this.state.algorythmID} onChange={this.onChangeAlgoType}>\n                  <MenuItem value={1} primaryText=\"v0.1\" />\n                  <MenuItem value={2} primaryText=\"v0.2\" />\n                  <MenuItem value={3} primaryText=\"v0.3\" />\n                </DropDownMenu><br/>\n                脅威データベース\n                <DropDownMenu value={this.state.tDBTypeID} onChange={this.onChangeTDBType}>\n                  <MenuItem value={1} primaryText=\"v0.1\" />\n                  <MenuItem value={2} primaryText=\"v0.2\" />\n                  <MenuItem value={3} primaryText=\"v0.3\" />\n                </DropDownMenu><br/>\n                対策データベース\n                <DropDownMenu value={this.state.mDBTypeID} onChange={this.onChangeMDBType}>\n                  <MenuItem value={1} primaryText=\"v0.1\" />\n                  <MenuItem value={2} primaryText=\"v0.2\" />\n                  <MenuItem value={3} primaryText=\"v0.3\" />\n                </DropDownMenu>\n            </div>\n            <div style={{float:'left' , width:'40px'}} >\n            　&nbsp;\n            </div>\n            <div>\n                <TextField\n                  floatingLabelText=\"メモ\"\n                  defaultValue={this.state.memo}\n                  multiLine={true}\n                  rows={20}\n                />\n            </div>\n        </Dialog> \n      </div>\n    );\n  }\n} \n\n\n\n"]},"hash":"59619b955741dcf16089343b2d0a37a42f3c74ff"}
