{"metadata":{"usedHelpers":["inherits","possibleConstructorReturn","classCallCheck"],"marked":[],"modules":{"imports":[{"source":"react","imported":["default","Component","PropTypes"],"specifiers":[{"kind":"named","imported":"default","local":"React"},{"kind":"named","imported":"Component","local":"Component"},{"kind":"named","imported":"PropTypes","local":"PropTypes"}]},{"source":"react-router","imported":["browserHistory"],"specifiers":[{"kind":"named","imported":"browserHistory","local":"browserHistory"}]},{"source":"material-ui/AppBar","imported":["default"],"specifiers":[{"kind":"named","imported":"default","local":"AppBar"}]},{"source":"material-ui/Drawer","imported":["default"],"specifiers":[{"kind":"named","imported":"default","local":"Drawer"}]},{"source":"material-ui/Menu","imported":["default"],"specifiers":[{"kind":"named","imported":"default","local":"Menu"}]},{"source":"material-ui/MenuItem","imported":["default"],"specifiers":[{"kind":"named","imported":"default","local":"MenuItem"}]},{"source":"material-ui/RaisedButton","imported":["default"],"specifiers":[{"kind":"named","imported":"default","local":"RaisedButton"}]}],"exports":{"exported":["Home"],"specifiers":[{"kind":"local","local":"Home","exported":"default"}]}}},"options":{"filename":"/imports/ui/Home.jsx","filenameRelative":"/imports/ui/Home.jsx","env":{},"retainLines":false,"highlightCode":true,"suppressDeprecationMessages":false,"presets":[],"plugins":[[[],{"polyfill":false}],[[],null],[[],null],[[],null],[[],null],[[],null],[[],null],[[],null],[[],null],[[],null],[[],null],[[],null],[[],null],[[],null],[[],null],[[],null],[[],{"loose":true}],[[],{"loose":true}],[[],null],[[],{"loose":true}],[[],null],[[],null],[[],null],[[],null],[[],null],[[],null],[[],null],[[],{"loose":true}],[[],null],[[],null],[[],null],[[],null],[[],null],[[],null],[[],null],[[],null]],"ignore":[],"code":true,"metadata":true,"ast":false,"comments":true,"compact":false,"minified":false,"sourceMap":true,"sourceMaps":true,"sourceMapTarget":"/imports/ui/Home.jsx.map","sourceFileName":"/imports/ui/Home.jsx","babelrc":false,"sourceType":"module","moduleIds":false,"passPerPreset":false,"basename":"Home"},"ignored":false,"code":"var _classCallCheck;module.import('babel-runtime/helpers/classCallCheck',{\"default\":function(v){_classCallCheck=v}});var _possibleConstructorReturn;module.import('babel-runtime/helpers/possibleConstructorReturn',{\"default\":function(v){_possibleConstructorReturn=v}});var _inherits;module.import('babel-runtime/helpers/inherits',{\"default\":function(v){_inherits=v}});var React,Component,PropTypes;module.import('react',{\"default\":function(v){React=v},\"Component\":function(v){Component=v},\"PropTypes\":function(v){PropTypes=v}});var browserHistory;module.import('react-router',{\"browserHistory\":function(v){browserHistory=v}});var AppBar;module.import('material-ui/AppBar',{\"default\":function(v){AppBar=v}});var Drawer;module.import('material-ui/Drawer',{\"default\":function(v){Drawer=v}});var Menu;module.import('material-ui/Menu',{\"default\":function(v){Menu=v}});var MenuItem;module.import('material-ui/MenuItem',{\"default\":function(v){MenuItem=v}});var RaisedButton;module.import('material-ui/RaisedButton',{\"default\":function(v){RaisedButton=v}});\n\n\n\n\n\n\n\n\n\n\n/* const AppBarSample = () => (\n  <AppBar\n    title=\"Title\"\n    iconClassNameRight=\"muidocs-icon-navigation-expand-more\"\n  />\n);\n\nexport default AppBarSample; */\n\n// Task component - represents a single todo item\n\nvar Home = function (_Component) {\n  _inherits(Home, _Component);\n\n  function Home(props) {\n    _classCallCheck(this, Home);\n\n    return _possibleConstructorReturn(this, _Component.call(this, props));\n    /*    this.state = {open: false};\n        this.handleToggle = () => this.setState({open: !this.state.open});\n        this.handleClose = (event) => {\n          // console.log(event);\n          this.setState({open: false});\n        }\n        this.handleValue = (event,value) =>{\n          console.log(value);\n          if (value === \"aaa\") browserHistory.push('about'); \n          if (value === \"bbb\") browserHistory.push('users');\n        } */\n  }\n\n  Home.prototype.render = function () {\n    function render() {\n      return React.createElement(\n        'div',\n        null,\n        React.createElement(\n          'h1',\n          null,\n          'Sample App'\n        )\n      );\n    }\n\n    return render;\n  }();\n\n  return Home;\n}(Component);\n\n/* Task.propTypes = {\n  // This component gets the task to display through a React prop.\n  // We can use propTypes to indicate it is required\n  task: PropTypes.object.isRequired,\n}; */\n\n\nmodule.export(\"default\",exports.default=(Home));","ast":null,"map":{"version":3,"sources":["/imports/ui/Home.jsx"],"names":[],"mappings":";;;AAAA,OAAO,KAAP,IAAgB,SAAhB,EAA2B,SAA3B,QAA4C,OAA5C;AACA,SAAS,cAAT,QAA+B,cAA/B;AACA,OAAO,MAAP,MAAmB,oBAAnB;AACA,OAAO,MAAP,MAAmB,oBAAnB;AACA,OAAO,IAAP,MAAiB,kBAAjB;AACA,OAAO,QAAP,MAAqB,sBAArB;AACA,OAAO,YAAP,MAAyB,0BAAzB;;;;;;;;;;;;;IAYqB,I;;;AAEnB,gBAAY,KAAZ,EAAmB;AAAA;;AAAA,4CACjB,sBAAM,KAAN,CADiB;;;;;;;;;;;;AAalB;;iBAED,M;sBAAS;AACP,aACE;AAAA;AAAA;AACE;AAAA;AAAA;AAAA;AAAA;AADF,OADF;AAKD;;;;;;EAvB+B,S;;;;;;;;;eAAb,I","file":"/imports/ui/Home.jsx.map","sourcesContent":["import React, { Component, PropTypes } from 'react';\nimport { browserHistory } from 'react-router';\nimport AppBar from 'material-ui/AppBar';\nimport Drawer from 'material-ui/Drawer';\nimport Menu from 'material-ui/Menu';\nimport MenuItem from 'material-ui/MenuItem';\nimport RaisedButton from 'material-ui/RaisedButton';\n\n/* const AppBarSample = () => (\n  <AppBar\n    title=\"Title\"\n    iconClassNameRight=\"muidocs-icon-navigation-expand-more\"\n  />\n);\n\nexport default AppBarSample; */\n\n// Task component - represents a single todo item\nexport default class Home extends Component {\n  \n  constructor(props) {\n    super(props);\n/*    this.state = {open: false};\n    this.handleToggle = () => this.setState({open: !this.state.open});\n    this.handleClose = (event) => {\n      // console.log(event);\n      this.setState({open: false});\n    }\n    this.handleValue = (event,value) =>{\n      console.log(value);\n      if (value === \"aaa\") browserHistory.push('about'); \n      if (value === \"bbb\") browserHistory.push('users');\n    } */\n  }\n  \n  render() {\n    return (\n      <div>\n        <h1>Sample App</h1>\n      </div>\n    );\n  }\n} \n \n/* Task.propTypes = {\n  // This component gets the task to display through a React prop.\n  // We can use propTypes to indicate it is required\n  task: PropTypes.object.isRequired,\n}; */\n\n\n"]},"hash":"5b55fd25b5d30aecd70973726d79210c7a3d5bed"}
