{"metadata":{"usedHelpers":["inherits","createClass","possibleConstructorReturn","classCallCheck"],"marked":[],"modules":{"imports":[{"source":"react","imported":["default","Component","PropTypes"],"specifiers":[{"kind":"named","imported":"default","local":"React"},{"kind":"named","imported":"Component","local":"Component"},{"kind":"named","imported":"PropTypes","local":"PropTypes"}]},{"source":"react-router","imported":["browserHistory"],"specifiers":[{"kind":"named","imported":"browserHistory","local":"browserHistory"}]},{"source":"material-ui/AppBar","imported":["default"],"specifiers":[{"kind":"named","imported":"default","local":"AppBar"}]},{"source":"material-ui/Drawer","imported":["default"],"specifiers":[{"kind":"named","imported":"default","local":"Drawer"}]},{"source":"material-ui/Menu","imported":["default"],"specifiers":[{"kind":"named","imported":"default","local":"Menu"}]},{"source":"material-ui/MenuItem","imported":["default"],"specifiers":[{"kind":"named","imported":"default","local":"MenuItem"}]},{"source":"material-ui/RaisedButton","imported":["default"],"specifiers":[{"kind":"named","imported":"default","local":"RaisedButton"}]},{"source":"material-ui/Dialog","imported":["default"],"specifiers":[{"kind":"named","imported":"default","local":"Dialog"}]},{"source":"material-ui/FlatButton","imported":["default"],"specifiers":[{"kind":"named","imported":"default","local":"FlatButton"}]},{"source":"material-ui/TextField","imported":["default"],"specifiers":[{"kind":"named","imported":"default","local":"TextField"}]},{"source":"material-ui/DatePicker","imported":["default"],"specifiers":[{"kind":"named","imported":"default","local":"DatePicker"}]},{"source":"material-ui/DropDownMenu","imported":["default"],"specifiers":[{"kind":"named","imported":"default","local":"DropDownMenu"}]}],"exports":{"exported":["DialogProjectInfo"],"specifiers":[{"kind":"local","local":"DialogProjectInfo","exported":"default"}]}}},"options":{"filename":"/imports/ui/projects/DialogProjectInfo.jsx","filenameRelative":"/imports/ui/projects/DialogProjectInfo.jsx","env":{},"retainLines":false,"highlightCode":true,"suppressDeprecationMessages":false,"presets":[],"plugins":[[[],{"polyfill":false}],[[],null],[[],null],[[],null],[[],null],[[],null],[[],null],[[],null],[[],null],[[],null],[[],null],[[],null],[[],null],[[],null],[[],{"loose":true}],[[],{"loose":true}],[[],null],[[],{"loose":true}],[[],null],[[],null],[[],null],[[],null],[[],null],[[],null],[[],null],[[],{"loose":true}],[[],null],[[],null],[[],null],[[],null],[[],null],[[],null],[[],null],[[],null]],"ignore":[],"code":true,"metadata":true,"ast":false,"comments":true,"compact":false,"minified":false,"sourceMap":true,"sourceMaps":true,"sourceMapTarget":"/imports/ui/projects/DialogProjectInfo.jsx.map","sourceFileName":"/imports/ui/projects/DialogProjectInfo.jsx","babelrc":false,"sourceType":"module","moduleIds":false,"passPerPreset":false,"basename":"DialogProjectInfo"},"ignored":false,"code":"var _classCallCheck;module.import('babel-runtime/helpers/classCallCheck',{\"default\":function(v){_classCallCheck=v}});var _possibleConstructorReturn;module.import('babel-runtime/helpers/possibleConstructorReturn',{\"default\":function(v){_possibleConstructorReturn=v}});var _createClass;module.import('babel-runtime/helpers/createClass',{\"default\":function(v){_createClass=v}});var _inherits;module.import('babel-runtime/helpers/inherits',{\"default\":function(v){_inherits=v}});var React,Component,PropTypes;module.import('react',{\"default\":function(v){React=v},\"Component\":function(v){Component=v},\"PropTypes\":function(v){PropTypes=v}});var browserHistory;module.import('react-router',{\"browserHistory\":function(v){browserHistory=v}});var AppBar;module.import('material-ui/AppBar',{\"default\":function(v){AppBar=v}});var Drawer;module.import('material-ui/Drawer',{\"default\":function(v){Drawer=v}});var Menu;module.import('material-ui/Menu',{\"default\":function(v){Menu=v}});var MenuItem;module.import('material-ui/MenuItem',{\"default\":function(v){MenuItem=v}});var RaisedButton;module.import('material-ui/RaisedButton',{\"default\":function(v){RaisedButton=v}});var Dialog;module.import('material-ui/Dialog',{\"default\":function(v){Dialog=v}});var FlatButton;module.import('material-ui/FlatButton',{\"default\":function(v){FlatButton=v}});var TextField;module.import('material-ui/TextField',{\"default\":function(v){TextField=v}});var DatePicker;module.import('material-ui/DatePicker',{\"default\":function(v){DatePicker=v}});var DropDownMenu;module.import('material-ui/DropDownMenu',{\"default\":function(v){DropDownMenu=v}});\n\n\n\n\n\n\n\n\n\n\n\n\n\n\n\n// import { Grid, Row, Col } from 'react-flexbox-grid';\n\n// Task component - represents a single todo item\n\nvar DialogProjectInfo = function (_Component) {\n  _inherits(DialogProjectInfo, _Component);\n\n  _createClass(DialogProjectInfo, null, [{\n    key: 'propTypes',\n\n\n    // I/F定義\n    get: function get() {\n      return {\n        open: React.PropTypes.bool.isRequired,\n        onCancel: React.PropTypes.func.isRequired,\n        onSubmit: React.PropTypes.func.isRequired,\n        params: React.PropTypes.array\n      };\n    }\n  }, {\n    key: 'defaultProps',\n    get: function get() {\n      return {\n        open: false\n      };\n    }\n  }]);\n\n  function DialogProjectInfo(props) {\n    _classCallCheck(this, DialogProjectInfo);\n\n    var _this = _possibleConstructorReturn(this, _Component.call(this, props));\n\n    _this.state = {\n      // ダイアログ表示ステート\n      open: false,\n      // パラメータ\n      // projectName: \"\",\n      bisCategory: 1,\n      params: {\n        projectName: \"デフォルトプロジェクト\",\n        customerName: \"顧客名\",\n        divisionName: \"対応事業部名\",\n        dateBegin: new Date(),\n        dateEnd: new Date(),\n        bisCategory: 2,\n        algoType: 1,\n        tDBType: 1,\n        mDBType: 1,\n        memo: \"プロジェクトの概要説明など記載して下さい。\"\n        /* projectName: \"デフォルトプロジェクト\",\n        customerName: \"\",\n        divisionName:\"\",\n        dateBegin: new Date(),\n        dateEnd: new Date(),\n        bisCategory: 1, \n        algoType: 1,\n        tDBType: 1,\n        mDBType: 1,\n        memo: \"\" */\n      }\n    };\n\n    /* this.handleOpen = () => {\n      this.setState({open: true});\n    }; */\n\n    _this.onSubmit = function () {\n      _this.props.onSubmit(_this.state.params);\n    };\n    _this.onCancel = function () {\n      _this.props.onCancel();\n    };\n\n    _this.onChangeBisCategory = function (event, value) {\n      _this.setState({ bisCategory: value });\n      console.log(\"業種:\" + _this.state.params.bisCategory + \" \" + value);\n    };\n    /* this.onChangeAlgoType\n    this.onChangeTDBType\n    this.onChangeMDBType */\n    /* this.onChange = (event,value) => {\n      // this.setState({params: {projectName : value}});\n      console.log(\"value:\"+this.state.params.projectName);\n    } */\n    return _this;\n  }\n\n  /* componentWillMount() {\n    console.log(\"dilaog mount\");\n  }\n   componentWillReceiveProps(props) {\n    console.log(\"dialog props:\"+this.props.initialOpen);\n  } */\n\n\n  DialogProjectInfo.prototype.render = function render() {\n    var actions = [React.createElement(FlatButton, {\n      label: 'Cancel',\n      primary: true,\n      onTouchTap: this.onSubmit\n    }), React.createElement(FlatButton, {\n      label: 'Submit',\n      primary: true,\n      keyboardFocused: true,\n      onTouchTap: this.onCancel\n    })];\n    // console.log(\"dialog props:\"+this.props.initialOpen);\n\n    return React.createElement(\n      'div',\n      null,\n      React.createElement(\n        Dialog,\n        {\n          title: 'プロジェクト情報',\n          actions: actions,\n          modal: false,\n          open: this.props.open,\n          onRequestClose: this.handleClose,\n          autoScrollBodyContent: true\n        },\n        React.createElement(\n          'div',\n          { style: { float: 'left' } },\n          React.createElement(TextField, { floatingLabelText: 'プロジェクト名', defaultValue: this.state.params.projectName }),\n          React.createElement('br', null),\n          React.createElement(TextField, { floatingLabelText: '顧客名', defaultValue: this.state.params.customerName }),\n          ' ',\n          React.createElement('br', null),\n          React.createElement(TextField, { floatingLabelText: '対応事業部名', defaultValue: this.state.params.divisionName }),\n          React.createElement('br', null),\n          React.createElement(DatePicker, { floatingLabelText: '開始日', mode: 'landscape', defaultValue: this.state.params.dateBegin }),\n          React.createElement('br', null),\n          React.createElement(DatePicker, { floatingLabelText: '終了日', mode: 'landscape', defaultValue: this.state.params.dateEnd }),\n          React.createElement('br', null),\n          '業種',\n          React.createElement(\n            DropDownMenu,\n            { value: this.state.bisCategory, onChange: this.onChangeBisCategory },\n            React.createElement(MenuItem, { value: 1, primaryText: '一般制御システム' }),\n            React.createElement(MenuItem, { value: 2, primaryText: '自動車システム' }),\n            React.createElement(MenuItem, { value: 3, primaryText: '電力システム' })\n          ),\n          React.createElement('br', null),\n          '分析アルゴリズム',\n          React.createElement(\n            DropDownMenu,\n            { value: this.state.params.algoType, onChange: this.onChangeAlgoType },\n            React.createElement(MenuItem, { value: 1, primaryText: 'v0.1' }),\n            React.createElement(MenuItem, { value: 2, primaryText: 'v0.2' }),\n            React.createElement(MenuItem, { value: 3, primaryText: 'v0.3' })\n          ),\n          React.createElement('br', null),\n          '脅威データベース',\n          React.createElement(\n            DropDownMenu,\n            { value: this.state.params.tDBType, onChange: this.onChangeTDBType },\n            React.createElement(MenuItem, { value: 1, primaryText: 'v0.1' }),\n            React.createElement(MenuItem, { value: 2, primaryText: 'v0.2' }),\n            React.createElement(MenuItem, { value: 3, primaryText: 'v0.3' })\n          ),\n          React.createElement('br', null),\n          '対策データベース',\n          React.createElement(\n            DropDownMenu,\n            { value: this.state.params.mDBType, onChange: this.onChangeMDBType },\n            React.createElement(MenuItem, { value: 1, primaryText: 'v0.1' }),\n            React.createElement(MenuItem, { value: 2, primaryText: 'v0.2' }),\n            React.createElement(MenuItem, { value: 3, primaryText: 'v0.3' })\n          )\n        ),\n        React.createElement(\n          'div',\n          { style: { float: 'left', width: '40px' } },\n          '　 '\n        ),\n        React.createElement(\n          'div',\n          null,\n          React.createElement(TextField, {\n            floatingLabelText: 'メモ',\n            multiLine: true,\n            rows: 20,\n            defaultValue: this.state.params.memo\n          })\n        )\n      )\n    );\n  };\n\n  return DialogProjectInfo;\n}(Component);\n\nmodule.export(\"default\",exports.default=(DialogProjectInfo));","ast":null,"map":{"version":3,"sources":["/imports/ui/projects/DialogProjectInfo.jsx"],"names":[],"mappings":";;;;AAAA,OAAO,KAAP,IAAgB,SAAhB,EAA2B,SAA3B,QAA4C,OAA5C;AACA,SAAS,cAAT,QAA+B,cAA/B;AACA,OAAO,MAAP,MAAmB,oBAAnB;AACA,OAAO,MAAP,MAAmB,oBAAnB;AACA,OAAO,IAAP,MAAiB,kBAAjB;AACA,OAAO,QAAP,MAAqB,sBAArB;AACA,OAAO,YAAP,MAAyB,0BAAzB;AACA,OAAO,MAAP,MAAmB,oBAAnB;AACA,OAAO,UAAP,MAAuB,wBAAvB;AACA,OAAO,SAAP,MAAsB,uBAAtB;AACA,OAAO,UAAP,MAAuB,wBAAvB;AACA,OAAO,YAAP,MAAyB,0BAAzB;;;;;IAIqB,iB;;;;;;;;wBAGI;AACrB,aAAO;AACL,cAAM,MAAM,SAAN,CAAgB,IAAhB,CAAqB,UADtB;AAEL,kBAAU,MAAM,SAAN,CAAgB,IAAhB,CAAqB,UAF1B;AAGL,kBAAU,MAAM,SAAN,CAAgB,IAAhB,CAAqB,UAH1B;AAIL,gBAAO,MAAM,SAAN,CAAgB;AAJlB,OAAP;AAMD;;;wBAEyB;AACxB,aAAQ;AACN,cAAM;AADA,OAAR;AAGD;;;AAED,6BAAY,KAAZ,EAAmB;AAAA;;AAAA,iDACjB,sBAAM,KAAN,CADiB;;AAGjB,UAAK,KAAL,GAAa;;AAEX,YAAM,KAFK;;;AAKX,mBAAa,CALF;AAMX,cAAQ;AACN,qBAAa,aADP;AAEN,sBAAc,KAFR;AAGN,sBAAa,QAHP;AAIN,mBAAW,IAAI,IAAJ,EAJL;AAKN,iBAAS,IAAI,IAAJ,EALH;AAMN,qBAAa,CANP;AAON,kBAAU,CAPJ;AAQN,iBAAS,CARH;AASN,iBAAS,CATH;AAUN,cAAM;;;;;;;;;;;AAVA;AANG,KAAb;;;;;;AAkCA,UAAK,QAAL,GAAgB,YAAM;AACpB,YAAK,KAAL,CAAW,QAAX,CAAoB,MAAK,KAAL,CAAW,MAA/B;AACD,KAFD;AAGA,UAAK,QAAL,GAAgB,YAAM;AACpB,YAAK,KAAL,CAAW,QAAX;AACD,KAFD;;AAIA,UAAK,mBAAL,GAA2B,UAAC,KAAD,EAAO,KAAP,EAAiB;AAC1C,YAAK,QAAL,CAAc,EAAC,aAAc,KAAf,EAAd;AACA,cAAQ,GAAR,CAAY,QAAM,MAAK,KAAL,CAAW,MAAX,CAAkB,WAAxB,GAAoC,GAApC,GAAwC,KAApD;AACD,KAHD;;;;;;;;AA5CiB;AAuDlB;;;;;;;;;;8BASD,M,qBAAS;AACP,QAAM,UAAU,CACd,oBAAC,UAAD;AACE,aAAM,QADR;AAEE,eAAS,IAFX;AAGE,kBAAY,KAAK;AAHnB,MADc,EAMd,oBAAC,UAAD;AACE,aAAM,QADR;AAEE,eAAS,IAFX;AAGE,uBAAiB,IAHnB;AAIE,kBAAY,KAAK;AAJnB,MANc,CAAhB;;;AAeA,WACE;AAAA;AAAA;AACE;AAAC,cAAD;AAAA;AACE,iBAAM,UADR;AAEE,mBAAS,OAFX;AAGE,iBAAO,KAHT;AAIE,gBAAM,KAAK,KAAL,CAAW,IAJnB;AAKE,0BAAgB,KAAK,WALvB;AAME,iCAAuB;AANzB;AAQI;AAAA;AAAA,YAAK,OAAO,EAAC,OAAM,MAAP,EAAZ;AACI,8BAAC,SAAD,IAAW,mBAAkB,SAA7B,EAAuC,cAAc,KAAK,KAAL,CAAW,MAAX,CAAkB,WAAvE,GADJ;AAC0F,yCAD1F;AAEI,8BAAC,SAAD,IAAW,mBAAkB,KAA7B,EAAmC,cAAc,KAAK,KAAL,CAAW,MAAX,CAAkB,YAAnE,GAFJ;AAAA;AAEuF,yCAFvF;AAGI,8BAAC,SAAD,IAAW,mBAAkB,QAA7B,EAAsC,cAAc,KAAK,KAAL,CAAW,MAAX,CAAkB,YAAtE,GAHJ;AAGyF,yCAHzF;AAII,8BAAC,UAAD,IAAY,mBAAkB,KAA9B,EAAoC,MAAK,WAAzC,EAAqD,cAAc,KAAK,KAAL,CAAW,MAAX,CAAkB,SAArF,GAJJ;AAIqG,yCAJrG;AAKI,8BAAC,UAAD,IAAY,mBAAkB,KAA9B,EAAoC,MAAK,WAAzC,EAAqD,cAAc,KAAK,KAAL,CAAW,MAAX,CAAkB,OAArF,GALJ;AAKmG,yCALnG;AAAA;AAOI;AAAC,wBAAD;AAAA,cAAc,OAAO,KAAK,KAAL,CAAW,WAAhC,EAA6C,UAAU,KAAK,mBAA5D;AACE,gCAAC,QAAD,IAAU,OAAO,CAAjB,EAAoB,aAAY,UAAhC,GADF;AAEE,gCAAC,QAAD,IAAU,OAAO,CAAjB,EAAoB,aAAY,SAAhC,GAFF;AAGE,gCAAC,QAAD,IAAU,OAAO,CAAjB,EAAoB,aAAY,QAAhC;AAHF,WAPJ;AAWmB,yCAXnB;AAAA;AAaI;AAAC,wBAAD;AAAA,cAAc,OAAO,KAAK,KAAL,CAAW,MAAX,CAAkB,QAAvC,EAAiD,UAAU,KAAK,gBAAhE;AACE,gCAAC,QAAD,IAAU,OAAO,CAAjB,EAAoB,aAAY,MAAhC,GADF;AAEE,gCAAC,QAAD,IAAU,OAAO,CAAjB,EAAoB,aAAY,MAAhC,GAFF;AAGE,gCAAC,QAAD,IAAU,OAAO,CAAjB,EAAoB,aAAY,MAAhC;AAHF,WAbJ;AAiBmB,yCAjBnB;AAAA;AAmBI;AAAC,wBAAD;AAAA,cAAc,OAAO,KAAK,KAAL,CAAW,MAAX,CAAkB,OAAvC,EAAgD,UAAU,KAAK,eAA/D;AACE,gCAAC,QAAD,IAAU,OAAO,CAAjB,EAAoB,aAAY,MAAhC,GADF;AAEE,gCAAC,QAAD,IAAU,OAAO,CAAjB,EAAoB,aAAY,MAAhC,GAFF;AAGE,gCAAC,QAAD,IAAU,OAAO,CAAjB,EAAoB,aAAY,MAAhC;AAHF,WAnBJ;AAuBmB,yCAvBnB;AAAA;AAyBI;AAAC,wBAAD;AAAA,cAAc,OAAO,KAAK,KAAL,CAAW,MAAX,CAAkB,OAAvC,EAAgD,UAAU,KAAK,eAA/D;AACE,gCAAC,QAAD,IAAU,OAAO,CAAjB,EAAoB,aAAY,MAAhC,GADF;AAEE,gCAAC,QAAD,IAAU,OAAO,CAAjB,EAAoB,aAAY,MAAhC,GAFF;AAGE,gCAAC,QAAD,IAAU,OAAO,CAAjB,EAAoB,aAAY,MAAhC;AAHF;AAzBJ,SARJ;AAuCI;AAAA;AAAA,YAAK,OAAO,EAAC,OAAM,MAAP,EAAgB,OAAM,MAAtB,EAAZ;AAAA;AAAA,SAvCJ;AA0CI;AAAA;AAAA;AACI,8BAAC,SAAD;AACE,+BAAkB,IADpB;AAEE,uBAAW,IAFb;AAGE,kBAAM,EAHR;AAIE,0BAAc,KAAK,KAAL,CAAW,MAAX,CAAkB;AAJlC;AADJ;AA1CJ;AADF,KADF;AAuDD,G;;;EAzJ4C,S;;eAA1B,iB","file":"/imports/ui/projects/DialogProjectInfo.jsx.map","sourcesContent":["import React, { Component, PropTypes } from 'react';\nimport { browserHistory } from 'react-router';\nimport AppBar from 'material-ui/AppBar';\nimport Drawer from 'material-ui/Drawer';\nimport Menu from 'material-ui/Menu';\nimport MenuItem from 'material-ui/MenuItem';\nimport RaisedButton from 'material-ui/RaisedButton';\nimport Dialog from 'material-ui/Dialog';\nimport FlatButton from 'material-ui/FlatButton';\nimport TextField from 'material-ui/TextField';\nimport DatePicker from 'material-ui/DatePicker';\nimport DropDownMenu from 'material-ui/DropDownMenu';\n// import { Grid, Row, Col } from 'react-flexbox-grid';\n\n// Task component - represents a single todo item\nexport default class DialogProjectInfo extends Component {\n  \n  // I/F定義\n  static get propTypes() { \n    return { \n      open: React.PropTypes.bool.isRequired,\n      onCancel: React.PropTypes.func.isRequired,\n      onSubmit: React.PropTypes.func.isRequired,\n      params:React.PropTypes.array\n    };\n  }\n\n  static get defaultProps() {\n    return  { \n      open: false,\n    }; \n  }\n\n  constructor(props) {\n    super(props);\n\n    this.state = {\n      // ダイアログ表示ステート\n      open: false,\n      // パラメータ\n      // projectName: \"\",\n      bisCategory: 1,\n      params: {\n        projectName: \"デフォルトプロジェクト\",\n        customerName: \"顧客名\",\n        divisionName:\"対応事業部名\",\n        dateBegin: new Date(),\n        dateEnd: new Date(),\n        bisCategory: 2, \n        algoType: 1,\n        tDBType: 1,\n        mDBType: 1,\n        memo: \"プロジェクトの概要説明など記載して下さい。\" \n        /* projectName: \"デフォルトプロジェクト\",\n        customerName: \"\",\n        divisionName:\"\",\n        dateBegin: new Date(),\n        dateEnd: new Date(),\n        bisCategory: 1, \n        algoType: 1,\n        tDBType: 1,\n        mDBType: 1,\n        memo: \"\" */\n      }\n    };\n\n    /* this.handleOpen = () => {\n      this.setState({open: true});\n    }; */\n\n    this.onSubmit = () => {\n      this.props.onSubmit(this.state.params);\n    };\n    this.onCancel = () => {\n      this.props.onCancel();\n    };   \n\n    this.onChangeBisCategory = (event,value) => {\n      this.setState({bisCategory : value});\n      console.log(\"業種:\"+this.state.params.bisCategory+\" \"+value);\n    }\n    /* this.onChangeAlgoType\n    this.onChangeTDBType\n    this.onChangeMDBType */\n    /* this.onChange = (event,value) => {\n      // this.setState({params: {projectName : value}});\n      console.log(\"value:\"+this.state.params.projectName);\n    } */\n  }\n   \n  /* componentWillMount() {\n    console.log(\"dilaog mount\");\n  }\n\n  componentWillReceiveProps(props) {\n    console.log(\"dialog props:\"+this.props.initialOpen);\n  } */\n  render() {\n    const actions = [\n      <FlatButton\n        label=\"Cancel\"\n        primary={true}\n        onTouchTap={this.onSubmit}\n      />,\n      <FlatButton\n        label=\"Submit\"\n        primary={true}\n        keyboardFocused={true}\n        onTouchTap={this.onCancel}\n      />\n    ];\n    // console.log(\"dialog props:\"+this.props.initialOpen);\n\n    return (\n      <div>\n        <Dialog\n          title=\"プロジェクト情報\"\n          actions={actions}\n          modal={false}\n          open={this.props.open}\n          onRequestClose={this.handleClose}\n          autoScrollBodyContent={true}\n        >\n            <div style={{float:'left'}}>\n                <TextField　floatingLabelText=\"プロジェクト名\" defaultValue={this.state.params.projectName} /><br/>\n                <TextField　floatingLabelText=\"顧客名\"　defaultValue={this.state.params.customerName}/> <br/>\n                <TextField　floatingLabelText=\"対応事業部名\" defaultValue={this.state.params.divisionName}/><br/>\n                <DatePicker floatingLabelText=\"開始日\" mode=\"landscape\" defaultValue={this.state.params.dateBegin}/><br/>\n                <DatePicker floatingLabelText=\"終了日\" mode=\"landscape\" defaultValue={this.state.params.dateEnd}/><br/>\n                業種\n                <DropDownMenu value={this.state.bisCategory} onChange={this.onChangeBisCategory}>\n                  <MenuItem value={1} primaryText=\"一般制御システム\" />\n                  <MenuItem value={2} primaryText=\"自動車システム\" />\n                  <MenuItem value={3} primaryText=\"電力システム\" />\n                </DropDownMenu><br/>\n                分析アルゴリズム\n                <DropDownMenu value={this.state.params.algoType} onChange={this.onChangeAlgoType}>\n                  <MenuItem value={1} primaryText=\"v0.1\" />\n                  <MenuItem value={2} primaryText=\"v0.2\" />\n                  <MenuItem value={3} primaryText=\"v0.3\" />\n                </DropDownMenu><br/>\n                脅威データベース\n                <DropDownMenu value={this.state.params.tDBType} onChange={this.onChangeTDBType}>\n                  <MenuItem value={1} primaryText=\"v0.1\" />\n                  <MenuItem value={2} primaryText=\"v0.2\" />\n                  <MenuItem value={3} primaryText=\"v0.3\" />\n                </DropDownMenu><br/>\n                対策データベース\n                <DropDownMenu value={this.state.params.mDBType} onChange={this.onChangeMDBType}>\n                  <MenuItem value={1} primaryText=\"v0.1\" />\n                  <MenuItem value={2} primaryText=\"v0.2\" />\n                  <MenuItem value={3} primaryText=\"v0.3\" />\n                </DropDownMenu>\n            </div>\n            <div style={{float:'left' , width:'40px'}} >\n            　&nbsp;\n            </div>\n            <div>\n                <TextField\n                  floatingLabelText=\"メモ\"\n                  multiLine={true}\n                  rows={20}\n                  defaultValue={this.state.params.memo}\n                />\n            </div>\n        </Dialog> \n      </div>\n    );\n  }\n} \n\n\n\n"]},"hash":"5c3b04a34d858fc7d6df2ac5208fb2e563b0a621"}
