{"metadata":{"usedHelpers":["inherits","possibleConstructorReturn","classCallCheck"],"marked":[],"modules":{"imports":[{"source":"react","imported":["default","Component","PropTypes"],"specifiers":[{"kind":"named","imported":"default","local":"React"},{"kind":"named","imported":"Component","local":"Component"},{"kind":"named","imported":"PropTypes","local":"PropTypes"}]},{"source":"material-ui/AppBar","imported":["default"],"specifiers":[{"kind":"named","imported":"default","local":"AppBar"}]}],"exports":{"exported":["AppBarSample"],"specifiers":[{"kind":"local","local":"AppBarSample","exported":"default"}]}}},"options":{"filename":"/imports/ui/AppBarSample.1.jsx","filenameRelative":"/imports/ui/AppBarSample.1.jsx","env":{},"retainLines":false,"highlightCode":true,"suppressDeprecationMessages":false,"presets":[],"plugins":[[[],{"polyfill":false}],[[],null],[[],null],[[],null],[[],null],[[],null],[[],null],[[],null],[[],null],[[],null],[[],null],[[],null],[[],null],[[],null],[[],null],[[],null],[[],{"loose":true}],[[],{"loose":true}],[[],null],[[],{"loose":true}],[[],null],[[],null],[[],null],[[],null],[[],null],[[],null],[[],null],[[],{"loose":true}],[[],null],[[],null],[[],null],[[],null],[[],null],[[],null],[[],null],[[],null]],"ignore":[],"code":true,"metadata":true,"ast":false,"comments":true,"compact":false,"minified":false,"sourceMap":true,"sourceMaps":true,"sourceMapTarget":"/imports/ui/AppBarSample.1.jsx.map","sourceFileName":"/imports/ui/AppBarSample.1.jsx","babelrc":false,"sourceType":"module","moduleIds":false,"passPerPreset":false,"basename":"AppBarSample.1"},"ignored":false,"code":"var _classCallCheck;module.import('babel-runtime/helpers/classCallCheck',{\"default\":function(v){_classCallCheck=v}});var _possibleConstructorReturn;module.import('babel-runtime/helpers/possibleConstructorReturn',{\"default\":function(v){_possibleConstructorReturn=v}});var _inherits;module.import('babel-runtime/helpers/inherits',{\"default\":function(v){_inherits=v}});var React,Component,PropTypes;module.import('react',{\"default\":function(v){React=v},\"Component\":function(v){Component=v},\"PropTypes\":function(v){PropTypes=v}});var AppBar;module.import('material-ui/AppBar',{\"default\":function(v){AppBar=v}});\n\n\n\n\n\n/* const AppBarSample = () => (\n  <AppBar\n    title=\"Title\"\n    iconClassNameRight=\"muidocs-icon-navigation-expand-more\"\n  />\n);\n\nexport default AppBarSample; */\n\n// Task component - represents a single todo item\n\nvar AppBarSample = function (_Component) {\n  _inherits(AppBarSample, _Component);\n\n  function AppBarSample() {\n    _classCallCheck(this, AppBarSample);\n\n    return _possibleConstructorReturn(this, _Component.apply(this, arguments));\n  }\n\n  AppBarSample.prototype.render = function () {\n    function render() {\n      return React.createElement(AppBar, {\n        title: 'Sample',\n        iconClassNameRight: 'muidocs-icon-navigation-expand-more'\n      });\n    }\n\n    return render;\n  }();\n\n  return AppBarSample;\n}(Component);\n\n/* Task.propTypes = {\n  // This component gets the task to display through a React prop.\n  // We can use propTypes to indicate it is required\n  task: PropTypes.object.isRequired,\n}; */\n\n\nmodule.export(\"default\",exports.default=(AppBarSample));","ast":null,"map":{"version":3,"sources":["/imports/ui/AppBarSample.1.jsx"],"names":[],"mappings":";;;AAAA,OAAO,KAAP,IAAgB,SAAhB,EAA2B,SAA3B,QAA4C,OAA5C;AACA,OAAO,MAAP,MAAmB,oBAAnB;;;;;;;;;;;;;IAYqB,Y;;;;;;;;;yBACnB,M;sBAAS;AACP,aACE,oBAAC,MAAD;AACE,eAAM,QADR;AAEE,4BAAmB;AAFrB,QADF;AAMD;;;;;;EARuC,S;;;;;;;;;eAArB,Y","file":"/imports/ui/AppBarSample.1.jsx.map","sourcesContent":["import React, { Component, PropTypes } from 'react';\nimport AppBar from 'material-ui/AppBar';\n\n/* const AppBarSample = () => (\n  <AppBar\n    title=\"Title\"\n    iconClassNameRight=\"muidocs-icon-navigation-expand-more\"\n  />\n);\n\nexport default AppBarSample; */\n\n// Task component - represents a single todo item\nexport default class AppBarSample extends Component {\n  render() {\n    return (\n      <AppBar\n        title=\"Sample\"\n        iconClassNameRight=\"muidocs-icon-navigation-expand-more\"\n      />\n    );\n  }\n} \n \n/* Task.propTypes = {\n  // This component gets the task to display through a React prop.\n  // We can use propTypes to indicate it is required\n  task: PropTypes.object.isRequired,\n}; */\n\n\n"]},"hash":"5e1131e1deb9682126fc77c61c123e1af3729900"}
