{"metadata":{"usedHelpers":["inherits","createClass","possibleConstructorReturn","classCallCheck"],"marked":[],"modules":{"imports":[{"source":"react","imported":["default","Component","PropTypes"],"specifiers":[{"kind":"named","imported":"default","local":"React"},{"kind":"named","imported":"Component","local":"Component"},{"kind":"named","imported":"PropTypes","local":"PropTypes"}]},{"source":"react-router","imported":["browserHistory"],"specifiers":[{"kind":"named","imported":"browserHistory","local":"browserHistory"}]},{"source":"material-ui/AppBar","imported":["default"],"specifiers":[{"kind":"named","imported":"default","local":"AppBar"}]},{"source":"material-ui/Drawer","imported":["default"],"specifiers":[{"kind":"named","imported":"default","local":"Drawer"}]},{"source":"material-ui/Menu","imported":["default"],"specifiers":[{"kind":"named","imported":"default","local":"Menu"}]},{"source":"material-ui/MenuItem","imported":["default"],"specifiers":[{"kind":"named","imported":"default","local":"MenuItem"}]},{"source":"material-ui/RaisedButton","imported":["default"],"specifiers":[{"kind":"named","imported":"default","local":"RaisedButton"}]},{"source":"material-ui/Dialog","imported":["default"],"specifiers":[{"kind":"named","imported":"default","local":"Dialog"}]},{"source":"material-ui/FlatButton","imported":["default"],"specifiers":[{"kind":"named","imported":"default","local":"FlatButton"}]},{"source":"material-ui/TextField","imported":["default"],"specifiers":[{"kind":"named","imported":"default","local":"TextField"}]},{"source":"material-ui/DatePicker","imported":["default"],"specifiers":[{"kind":"named","imported":"default","local":"DatePicker"}]},{"source":"material-ui/DropDownMenu","imported":["default"],"specifiers":[{"kind":"named","imported":"default","local":"DropDownMenu"}]}],"exports":{"exported":["DialogProjectInfo"],"specifiers":[{"kind":"local","local":"DialogProjectInfo","exported":"default"}]}}},"options":{"filename":"/imports/ui/projects/DialogProjectInfo.jsx","filenameRelative":"/imports/ui/projects/DialogProjectInfo.jsx","env":{},"retainLines":false,"highlightCode":true,"suppressDeprecationMessages":false,"presets":[],"plugins":[[[],{"polyfill":false}],[[],null],[[],null],[[],null],[[],null],[[],null],[[],null],[[],null],[[],null],[[],null],[[],null],[[],null],[[],null],[[],null],[[],null],[[],null],[[],{"loose":true}],[[],{"loose":true}],[[],null],[[],{"loose":true}],[[],null],[[],null],[[],null],[[],null],[[],null],[[],null],[[],null],[[],{"loose":true}],[[],null],[[],null],[[],null],[[],null],[[],null],[[],null],[[],null],[[],null]],"ignore":[],"code":true,"metadata":true,"ast":false,"comments":true,"compact":false,"minified":false,"sourceMap":true,"sourceMaps":true,"sourceMapTarget":"/imports/ui/projects/DialogProjectInfo.jsx.map","sourceFileName":"/imports/ui/projects/DialogProjectInfo.jsx","babelrc":false,"sourceType":"module","moduleIds":false,"passPerPreset":false,"basename":"DialogProjectInfo"},"ignored":false,"code":"var _classCallCheck;module.import('babel-runtime/helpers/classCallCheck',{\"default\":function(v){_classCallCheck=v}});var _possibleConstructorReturn;module.import('babel-runtime/helpers/possibleConstructorReturn',{\"default\":function(v){_possibleConstructorReturn=v}});var _createClass;module.import('babel-runtime/helpers/createClass',{\"default\":function(v){_createClass=v}});var _inherits;module.import('babel-runtime/helpers/inherits',{\"default\":function(v){_inherits=v}});var React,Component,PropTypes;module.import('react',{\"default\":function(v){React=v},\"Component\":function(v){Component=v},\"PropTypes\":function(v){PropTypes=v}});var browserHistory;module.import('react-router',{\"browserHistory\":function(v){browserHistory=v}});var AppBar;module.import('material-ui/AppBar',{\"default\":function(v){AppBar=v}});var Drawer;module.import('material-ui/Drawer',{\"default\":function(v){Drawer=v}});var Menu;module.import('material-ui/Menu',{\"default\":function(v){Menu=v}});var MenuItem;module.import('material-ui/MenuItem',{\"default\":function(v){MenuItem=v}});var RaisedButton;module.import('material-ui/RaisedButton',{\"default\":function(v){RaisedButton=v}});var Dialog;module.import('material-ui/Dialog',{\"default\":function(v){Dialog=v}});var FlatButton;module.import('material-ui/FlatButton',{\"default\":function(v){FlatButton=v}});var TextField;module.import('material-ui/TextField',{\"default\":function(v){TextField=v}});var DatePicker;module.import('material-ui/DatePicker',{\"default\":function(v){DatePicker=v}});var DropDownMenu;module.import('material-ui/DropDownMenu',{\"default\":function(v){DropDownMenu=v}});\n\n\n\n\n\n\n\n\n\n\n\n\n\n\n\n// import { Grid, Row, Col } from 'react-flexbox-grid';\n\n// Task component - represents a single todo item\n\nvar DialogProjectInfo = function (_Component) {\n  _inherits(DialogProjectInfo, _Component);\n\n  _createClass(DialogProjectInfo, null, [{\n    key: 'propTypes',\n\n\n    // I/F定義\n    get: function () {\n      function get() {\n        return {\n          open: React.PropTypes.bool.isRequired,\n          onCancel: React.PropTypes.func.isRequired,\n          onSubmit: React.PropTypes.func.isRequired,\n          params: React.PropTypes.array\n        };\n      }\n\n      return get;\n    }()\n  }, {\n    key: 'defaultProps',\n    get: function () {\n      function get() {\n        return {\n          open: false\n        };\n      }\n\n      return get;\n    }()\n  }]);\n\n  function DialogProjectInfo(props) {\n    _classCallCheck(this, DialogProjectInfo);\n\n    var _this = _possibleConstructorReturn(this, _Component.call(this, props));\n\n    _this.state = {\n      // ダイアログ表示ステート\n      open: false,\n      // パラメータ\n      // projectName: \"\",\n      bisCategory: 1,\n      projectName: \"デフォルトプロジェクト\",\n      customerName: \"顧客名\",\n      divisionName: \"対応事業部名\",\n      dateBegin: new Date(),\n      dateEnd: new Date(),\n      bisCategoryID: 2,\n      algorythmVer: 1,\n      tDBVer: 1,\n      mDBVer: 1,\n      memo: \"プロジェクトの概要説明など記載して下さい。\"\n    };\n\n    _this.menuItemsBisCategoryArr = [{ value: 1, text: '一般制御システム' }, { value: 2, text: '自動車システム' }, { value: 3, text: '電力システム' }];\n    /* this.handleOpen = () => {\n      this.setState({open: true});\n    }; */\n\n    _this.onSubmit = function () {\n      // console.log(this.refs.pn.getDOMNode());\n      // console.log(this.refs.projectName.getValue());\n      // this.setState({projectName: this.refs.projectName.props.value}) \n      _this.props.onSubmit(_this.state);\n    };\n\n    _this.onCancel = function () {\n      _this.props.onCancel();\n    };\n\n    _this.onChangeProjectName = function (evenet, projectName) {\n      _this.setState({ projectName: projectName });\n    };\n    _this.onChangeBisCategory = function (event, index, bisCategoryID) {\n      _this.setState({ bisCategoryID: bisCategoryID });\n    };\n\n    _this.onChangeBisCategory = function (event, index, bisCategoryID) {\n      _this.setState({ bisCategoryID: bisCategoryID });\n    };\n    _this.onChangeAlgorythmVer = function (event, index, algorythmVer) {\n      _this.setState({ algorythmVer: algorythmVer });\n    };\n    _this.onChangeTDBVer = function (event, index, tDBVer) {\n      _this.setState({ tDBVer: tDBVer });\n    };\n    _this.onChangeMDBVer = function (event, index, mDBVer) {\n      _this.setState({ mDBVer: mDBVer });\n    };\n\n    console.log(\"初期値:\" + _this.props.defaultProps);\n    console.log(\"初期値2:\" + _this.props.test);\n    return _this;\n  }\n\n  DialogProjectInfo.prototype.componentWillReceiveProps = function () {\n    function componentWillReceiveProps(props) {\n      this.setState({ bisCategoryID: props.defaultProps.bisCategoryID });\n      this.setState({ tDBVer: props.defaultProps.tDBVer });\n      this.setState({ mDBVer: props.defaultProps.mDBVer });\n    }\n\n    return componentWillReceiveProps;\n  }();\n\n  DialogProjectInfo.prototype.render = function () {\n    function render() {\n      var actions = [React.createElement(FlatButton, {\n        label: 'Cancel',\n        primary: true,\n        onTouchTap: this.onCancel\n      }), React.createElement(FlatButton, {\n        label: 'Submit',\n        primary: true,\n        keyboardFocused: true,\n        onTouchTap: this.onSubmit\n      })];\n\n      return React.createElement(\n        'div',\n        null,\n        React.createElement(\n          Dialog,\n          {\n            title: 'プロジェクト情報',\n            actions: actions,\n            modal: false,\n            open: this.props.open,\n            onRequestClose: this.handleClose,\n            autoScrollBodyContent: true\n          },\n          React.createElement(\n            'div',\n            { style: { float: 'left' } },\n            React.createElement(TextField, {\n              floatingLabelText: 'プロジェクト名',\n              defaultValue: this.props.defaultProps.projectName,\n              onChange: this.onChangeProjectName\n            }),\n            React.createElement('br', null),\n            React.createElement(TextField, {\n              floatingLabelText: '顧客名',\n              defaultValue: this.props.defaultProps.customerName\n            }),\n            ' ',\n            React.createElement('br', null),\n            React.createElement(TextField, {\n              floatingLabelText: '対応事業部名',\n              defaultValue: this.props.defaultProps.divisionName\n            }),\n            React.createElement('br', null),\n            React.createElement(DatePicker, {\n              floatingLabelText: '開始日',\n              mode: 'landscape',\n              defaultValue: this.props.defaultProps.dateBegin\n            }),\n            React.createElement('br', null),\n            React.createElement(DatePicker, {\n              floatingLabelText: '終了日',\n              mode: 'landscape',\n              defaultValue: this.props.defaultProps.dateEnd\n            }),\n            React.createElement('br', null),\n            '業種',\n            React.createElement(\n              DropDownMenu,\n              {\n                ref: 'bisCategoryID',\n                value: this.state.bisCategoryID,\n                onChange: this.onChangeBisCategory\n              },\n              this.menuItemsBisCategoryArr.map(function (menuItem) {\n                return React.createElement(MenuItem, { key: menuItem.value, value: menuItem.value, primaryText: menuItem.text });\n              })\n            ),\n            React.createElement('br', null),\n            '分析アルゴリズム',\n            React.createElement(\n              DropDownMenu,\n              { ref: 'algorythmVer', value: this.state.algorythmVer, onChange: this.onChangeAlgorythmVer },\n              React.createElement(MenuItem, { value: 1, primaryText: 'v0.1' }),\n              React.createElement(MenuItem, { value: 2, primaryText: 'v0.2' }),\n              React.createElement(MenuItem, { value: 3, primaryText: 'v0.3' })\n            ),\n            React.createElement('br', null),\n            '脅威データベース',\n            React.createElement(\n              DropDownMenu,\n              { ref: 'tDBVer', value: this.state.tDBVer, onChange: this.onChangeTDBVer },\n              React.createElement(MenuItem, { value: 1, primaryText: 'v0.1' }),\n              React.createElement(MenuItem, { value: 2, primaryText: 'v0.2' }),\n              React.createElement(MenuItem, { value: 3, primaryText: 'v0.3' })\n            ),\n            React.createElement('br', null),\n            '対策データベース',\n            React.createElement(\n              DropDownMenu,\n              { ref: 'mDBVer', value: this.state.mDBVer, onChange: this.onChangeMDBVer },\n              React.createElement(MenuItem, { value: 1, primaryText: 'v0.1' }),\n              React.createElement(MenuItem, { value: 2, primaryText: 'v0.2' }),\n              React.createElement(MenuItem, { value: 3, primaryText: 'v0.3' })\n            )\n          ),\n          React.createElement(\n            'div',\n            { style: { float: 'left', width: '40px' } },\n            '　 '\n          ),\n          React.createElement(\n            'div',\n            null,\n            React.createElement(TextField, {\n              ref: 'memo',\n              floatingLabelText: 'メモ',\n              defaultValue: this.state.memo,\n              multiLine: true,\n              rows: 20\n            })\n          )\n        )\n      );\n    }\n\n    return render;\n  }();\n\n  return DialogProjectInfo;\n}(Component);\n\nmodule.export(\"default\",exports.default=(DialogProjectInfo));","ast":null,"map":{"version":3,"sources":["/imports/ui/projects/DialogProjectInfo.jsx"],"names":[],"mappings":";;;;AAAA,OAAO,KAAP,IAAgB,SAAhB,EAA2B,SAA3B,QAA4C,OAA5C;AACA,SAAS,cAAT,QAA+B,cAA/B;AACA,OAAO,MAAP,MAAmB,oBAAnB;AACA,OAAO,MAAP,MAAmB,oBAAnB;AACA,OAAO,IAAP,MAAiB,kBAAjB;AACA,OAAO,QAAP,MAAqB,sBAArB;AACA,OAAO,YAAP,MAAyB,0BAAzB;AACA,OAAO,MAAP,MAAmB,oBAAnB;AACA,OAAO,UAAP,MAAuB,wBAAvB;AACA,OAAO,SAAP,MAAsB,uBAAtB;AACA,OAAO,UAAP,MAAuB,wBAAvB;AACA,OAAO,YAAP,MAAyB,0BAAzB;;;;;IAIqB,iB;;;;;;;;;qBAGI;AACrB,eAAO;AACL,gBAAM,MAAM,SAAN,CAAgB,IAAhB,CAAqB,UADtB;AAEL,oBAAU,MAAM,SAAN,CAAgB,IAAhB,CAAqB,UAF1B;AAGL,oBAAU,MAAM,SAAN,CAAgB,IAAhB,CAAqB,UAH1B;AAIL,kBAAO,MAAM,SAAN,CAAgB;AAJlB,SAAP;AAMD;;;;;;;qBAEyB;AACxB,eAAQ;AACN,gBAAM;AADA,SAAR;AAGD;;;;;;AAED,6BAAY,KAAZ,EAAmB;AAAA;;AAAA,iDACjB,sBAAM,KAAN,CADiB;;AAGjB,UAAK,KAAL,GAAa;;AAEX,YAAM,KAFK;;;AAKX,mBAAa,CALF;AAMX,mBAAa,aANF;AAOX,oBAAc,KAPH;AAQX,oBAAa,QARF;AASX,iBAAW,IAAI,IAAJ,EATA;AAUX,eAAS,IAAI,IAAJ,EAVE;AAWX,qBAAe,CAXJ;AAYX,oBAAc,CAZH;AAaX,cAAQ,CAbG;AAcX,cAAQ,CAdG;AAeX,YAAM;AAfK,KAAb;;AAkBA,UAAK,uBAAL,GAA+B,CAC7B,EAAE,OAAO,CAAT,EAAY,MAAM,UAAlB,EAD6B,EAE7B,EAAE,OAAO,CAAT,EAAY,MAAM,SAAlB,EAF6B,EAG7B,EAAE,OAAO,CAAT,EAAY,MAAM,QAAlB,EAH6B,CAA/B;;;;;AASA,UAAK,QAAL,GAAgB,YAAM;;;;AAIpB,YAAK,KAAL,CAAW,QAAX,CAAoB,MAAK,KAAzB;AACD,KALD;;AAOA,UAAK,QAAL,GAAgB,YAAM;AACpB,YAAK,KAAL,CAAW,QAAX;AACD,KAFD;;AAIA,UAAK,mBAAL,GAA2B,UAAC,MAAD,EAAQ,WAAR,EAAwB;AACjD,YAAK,QAAL,CAAc,EAAC,wBAAD,EAAd;AACD,KAFD;AAGA,UAAK,mBAAL,GAA2B,UAAC,KAAD,EAAO,KAAP,EAAa,aAAb,EAA+B;AACxD,YAAK,QAAL,CAAc,EAAC,4BAAD,EAAd;AACD,KAFD;;AAIA,UAAK,mBAAL,GAA2B,UAAC,KAAD,EAAO,KAAP,EAAa,aAAb,EAA+B;AACxD,YAAK,QAAL,CAAc,EAAC,4BAAD,EAAd;AACD,KAFD;AAGA,UAAK,oBAAL,GAA4B,UAAC,KAAD,EAAO,KAAP,EAAa,YAAb,EAA8B;AACxD,YAAK,QAAL,CAAc,EAAC,0BAAD,EAAd;AACD,KAFD;AAGA,UAAK,cAAL,GAAsB,UAAC,KAAD,EAAO,KAAP,EAAa,MAAb,EAAwB;AAC5C,YAAK,QAAL,CAAc,EAAC,cAAD,EAAd;AACD,KAFD;AAGA,UAAK,cAAL,GAAsB,UAAC,KAAD,EAAO,KAAP,EAAa,MAAb,EAAwB;AAC5C,YAAK,QAAL,CAAc,EAAC,cAAD,EAAd;AACD,KAFD;;AAIA,YAAQ,GAAR,CAAY,SAAO,MAAK,KAAL,CAAW,YAA9B;AACA,YAAQ,GAAR,CAAY,UAAQ,MAAK,KAAL,CAAW,IAA/B;AA9DiB;AA+DlB;;8BAED,yB;uCAA0B,K,EAAO;AAC/B,WAAK,QAAL,CAAc,EAAC,eAAgB,MAAM,YAAN,CAAmB,aAApC,EAAd;AACA,WAAK,QAAL,CAAc,EAAC,QAAS,MAAM,YAAN,CAAmB,MAA7B,EAAd;AACA,WAAK,QAAL,CAAc,EAAC,QAAS,MAAM,YAAN,CAAmB,MAA7B,EAAd;AACD;;;;;8BAED,M;sBAAS;AACP,UAAM,UAAU,CACd,oBAAC,UAAD;AACE,eAAM,QADR;AAEE,iBAAS,IAFX;AAGE,oBAAY,KAAK;AAHnB,QADc,EAMd,oBAAC,UAAD;AACE,eAAM,QADR;AAEE,iBAAS,IAFX;AAGE,yBAAiB,IAHnB;AAIE,oBAAY,KAAK;AAJnB,QANc,CAAhB;;AAcA,aACE;AAAA;AAAA;AACE;AAAC,gBAAD;AAAA;AACE,mBAAM,UADR;AAEE,qBAAS,OAFX;AAGE,mBAAO,KAHT;AAIE,kBAAM,KAAK,KAAL,CAAW,IAJnB;AAKE,4BAAgB,KAAK,WALvB;AAME,mCAAuB;AANzB;AAQE;AAAA;AAAA,cAAK,OAAO,EAAC,OAAM,MAAP,EAAZ;AACE,gCAAC,SAAD;AACE,iCAAkB,SADpB;AAEE,4BAAc,KAAK,KAAL,CAAW,YAAX,CAAwB,WAFxC;AAGE,wBAAU,KAAK;AAHjB,cADF;AAKI,2CALJ;AAME,gCAAC,SAAD;AACE,iCAAkB,KADpB;AAEE,4BAAc,KAAK,KAAL,CAAW,YAAX,CAAwB;AAFxC,cANF;AAAA;AASK,2CATL;AAUE,gCAAC,SAAD;AACE,iCAAkB,QADpB;AAEE,4BAAc,KAAK,KAAL,CAAW,YAAX,CAAwB;AAFxC,cAVF;AAaI,2CAbJ;AAcE,gCAAC,UAAD;AACE,iCAAkB,KADpB;AAEE,oBAAK,WAFP;AAGE,4BAAc,KAAK,KAAL,CAAW,YAAX,CAAwB;AAHxC,cAdF;AAkBI,2CAlBJ;AAmBE,gCAAC,UAAD;AACE,iCAAkB,KADpB;AAEE,oBAAK,WAFP;AAGE,4BAAc,KAAK,KAAL,CAAW,YAAX,CAAwB;AAHxC,cAnBF;AAuBI,2CAvBJ;AAAA;AAyBM;AAAC,0BAAD;AAAA;AACE,qBAAI,eADN;AAEE,uBAAO,KAAK,KAAL,CAAW,aAFpB;AAGE,0BAAU,KAAK;AAHjB;AAKG,mBAAK,uBAAL,CAA6B,GAA7B,CAAiC;AAAA,uBAChC,oBAAC,QAAD,IAAU,KAAK,SAAS,KAAxB,EAA+B,OAAO,SAAS,KAA/C,EAAsD,aAAa,SAAS,IAA5E,GADgC;AAAA,eAAjC;AALH,aAzBN;AAiCqB,2CAjCrB;AAAA;AAmCM;AAAC,0BAAD;AAAA,gBAAc,KAAI,cAAlB,EAAiC,OAAO,KAAK,KAAL,CAAW,YAAnD,EAAiE,UAAU,KAAK,oBAAhF;AACE,kCAAC,QAAD,IAAU,OAAO,CAAjB,EAAoB,aAAY,MAAhC,GADF;AAEE,kCAAC,QAAD,IAAU,OAAO,CAAjB,EAAoB,aAAY,MAAhC,GAFF;AAGE,kCAAC,QAAD,IAAU,OAAO,CAAjB,EAAoB,aAAY,MAAhC;AAHF,aAnCN;AAuCqB,2CAvCrB;AAAA;AAyCM;AAAC,0BAAD;AAAA,gBAAc,KAAI,QAAlB,EAA2B,OAAO,KAAK,KAAL,CAAW,MAA7C,EAAqD,UAAU,KAAK,cAApE;AACE,kCAAC,QAAD,IAAU,OAAO,CAAjB,EAAoB,aAAY,MAAhC,GADF;AAEE,kCAAC,QAAD,IAAU,OAAO,CAAjB,EAAoB,aAAY,MAAhC,GAFF;AAGE,kCAAC,QAAD,IAAU,OAAO,CAAjB,EAAoB,aAAY,MAAhC;AAHF,aAzCN;AA6CqB,2CA7CrB;AAAA;AA+CM;AAAC,0BAAD;AAAA,gBAAc,KAAI,QAAlB,EAA2B,OAAO,KAAK,KAAL,CAAW,MAA7C,EAAqD,UAAU,KAAK,cAApE;AACE,kCAAC,QAAD,IAAU,OAAO,CAAjB,EAAoB,aAAY,MAAhC,GADF;AAEE,kCAAC,QAAD,IAAU,OAAO,CAAjB,EAAoB,aAAY,MAAhC,GAFF;AAGE,kCAAC,QAAD,IAAU,OAAO,CAAjB,EAAoB,aAAY,MAAhC;AAHF;AA/CN,WARF;AA6DI;AAAA;AAAA,cAAK,OAAO,EAAC,OAAM,MAAP,EAAgB,OAAM,MAAtB,EAAZ;AAAA;AAAA,WA7DJ;AAgEI;AAAA;AAAA;AACG,gCAAC,SAAD;AACG,mBAAI,MADP;AAEG,iCAAkB,IAFrB;AAGG,4BAAc,KAAK,KAAL,CAAW,IAH5B;AAIG,yBAAW,IAJd;AAKG,oBAAM;AALT;AADH;AAhEJ;AADF,OADF;AA8ED;;;;;;EAtL4C,S;;eAA1B,iB","file":"/imports/ui/projects/DialogProjectInfo.jsx.map","sourcesContent":["import React, { Component, PropTypes } from 'react';\nimport { browserHistory } from 'react-router';\nimport AppBar from 'material-ui/AppBar';\nimport Drawer from 'material-ui/Drawer';\nimport Menu from 'material-ui/Menu';\nimport MenuItem from 'material-ui/MenuItem';\nimport RaisedButton from 'material-ui/RaisedButton';\nimport Dialog from 'material-ui/Dialog';\nimport FlatButton from 'material-ui/FlatButton';\nimport TextField from 'material-ui/TextField';\nimport DatePicker from 'material-ui/DatePicker';\nimport DropDownMenu from 'material-ui/DropDownMenu';\n// import { Grid, Row, Col } from 'react-flexbox-grid';\n\n// Task component - represents a single todo item\nexport default class DialogProjectInfo extends Component {\n  \n  // I/F定義\n  static get propTypes() { \n    return { \n      open: React.PropTypes.bool.isRequired,\n      onCancel: React.PropTypes.func.isRequired,\n      onSubmit: React.PropTypes.func.isRequired,\n      params:React.PropTypes.array\n    };\n  }\n\n  static get defaultProps() {\n    return  { \n      open: false,\n    }; \n  }\n\n  constructor(props) {\n    super(props);\n\n    this.state = {\n      // ダイアログ表示ステート\n      open: false,\n      // パラメータ\n      // projectName: \"\",\n      bisCategory: 1,\n      projectName: \"デフォルトプロジェクト\",\n      customerName: \"顧客名\",\n      divisionName:\"対応事業部名\",\n      dateBegin: new Date(),\n      dateEnd: new Date(),\n      bisCategoryID: 2, \n      algorythmVer: 1,\n      tDBVer: 1,\n      mDBVer: 1,\n      memo: \"プロジェクトの概要説明など記載して下さい。\" \n    };\n\n    this.menuItemsBisCategoryArr = [\n      { value: 1, text: '一般制御システム' },\n      { value: 2, text: '自動車システム' },\n      { value: 3, text: '電力システム' }\n    ];\n    /* this.handleOpen = () => {\n      this.setState({open: true});\n    }; */\n\n    this.onSubmit = () => {\n      // console.log(this.refs.pn.getDOMNode());\n      // console.log(this.refs.projectName.getValue());\n      // this.setState({projectName: this.refs.projectName.props.value})  \n      this.props.onSubmit(this.state);\n    };\n\n    this.onCancel = () => {\n      this.props.onCancel();\n    };   \n\n    this.onChangeProjectName = (evenet,projectName) => {\n      this.setState({projectName});\n    }\n    this.onChangeBisCategory = (event,index,bisCategoryID) => {\n      this.setState({bisCategoryID});\n    };\n\n    this.onChangeBisCategory = (event,index,bisCategoryID) => {\n      this.setState({bisCategoryID});\n    };\n    this.onChangeAlgorythmVer = (event,index,algorythmVer) => {\n      this.setState({algorythmVer});\n    };\n    this.onChangeTDBVer = (event,index,tDBVer) => {\n      this.setState({tDBVer});\n    };\n    this.onChangeMDBVer = (event,index,mDBVer) => {\n      this.setState({mDBVer});\n    };\n\n    console.log(\"初期値:\"+this.props.defaultProps);\n    console.log(\"初期値2:\"+this.props.test);\n  }\n\n  componentWillReceiveProps(props) {\n    this.setState({bisCategoryID : props.defaultProps.bisCategoryID});\n    this.setState({tDBVer : props.defaultProps.tDBVer});\n    this.setState({mDBVer : props.defaultProps.mDBVer});\n  } \n\n  render() {\n    const actions = [\n      <FlatButton\n        label=\"Cancel\"\n        primary={true}\n        onTouchTap={this.onCancel}\n      />,\n      <FlatButton\n        label=\"Submit\"\n        primary={true}\n        keyboardFocused={true}\n        onTouchTap={this.onSubmit}\n      />\n    ];\n\n    return (\n      <div>\n        <Dialog\n          title=\"プロジェクト情報\"\n          actions={actions}\n          modal={false}\n          open={this.props.open}\n          onRequestClose={this.handleClose}\n          autoScrollBodyContent={true}\n        >\n          <div style={{float:'left'}}>\n            <TextField　 \n              floatingLabelText=\"プロジェクト名\" \n              defaultValue={this.props.defaultProps.projectName} \n              onChange={this.onChangeProjectName} \n            /><br/>\n            <TextField　\n              floatingLabelText=\"顧客名\"　\n              defaultValue={this.props.defaultProps.customerName}\n            /> <br/>\n            <TextField　\n              floatingLabelText=\"対応事業部名\" \n              defaultValue={this.props.defaultProps.divisionName}\n            /><br/>\n            <DatePicker \n              floatingLabelText=\"開始日\" \n              mode=\"landscape\" \n              defaultValue={this.props.defaultProps.dateBegin}\n            /><br/>\n            <DatePicker \n              floatingLabelText=\"終了日\" \n              mode=\"landscape\" \n              defaultValue={this.props.defaultProps.dateEnd}\n            /><br/>\n                業種\n                <DropDownMenu \n                  ref=\"bisCategoryID\"\n                  value={this.state.bisCategoryID}\n                  onChange={this.onChangeBisCategory}\n                >  \n                  {this.menuItemsBisCategoryArr.map(menuItem => (\n                    <MenuItem key={menuItem.value} value={menuItem.value} primaryText={menuItem.text} />\n                  ))}\n                </DropDownMenu><br/>\n                分析アルゴリズム\n                <DropDownMenu ref=\"algorythmVer\" value={this.state.algorythmVer} onChange={this.onChangeAlgorythmVer}>\n                  <MenuItem value={1} primaryText=\"v0.1\" />\n                  <MenuItem value={2} primaryText=\"v0.2\" />\n                  <MenuItem value={3} primaryText=\"v0.3\" />\n                </DropDownMenu><br/>\n                脅威データベース\n                <DropDownMenu ref=\"tDBVer\" value={this.state.tDBVer} onChange={this.onChangeTDBVer}>\n                  <MenuItem value={1} primaryText=\"v0.1\" />\n                  <MenuItem value={2} primaryText=\"v0.2\" />\n                  <MenuItem value={3} primaryText=\"v0.3\" />\n                </DropDownMenu><br/>\n                対策データベース\n                <DropDownMenu ref=\"mDBVer\" value={this.state.mDBVer} onChange={this.onChangeMDBVer}>\n                  <MenuItem value={1} primaryText=\"v0.1\" />\n                  <MenuItem value={2} primaryText=\"v0.2\" />\n                  <MenuItem value={3} primaryText=\"v0.3\" />\n                </DropDownMenu>\n            </div>\n            <div style={{float:'left' , width:'40px'}} >\n            　&nbsp;\n            </div>\n            <div>\n               <TextField\n                  ref=\"memo\"\n                  floatingLabelText=\"メモ\"\n                  defaultValue={this.state.memo}\n                  multiLine={true}\n                  rows={20}\n                /> \n            </div>\n        </Dialog> \n      </div>\n    );\n  }\n} \n\n\n\n"]},"hash":"62ee4c40d713eec071ea58f78a915f4c556663a8"}
