{"metadata":{"usedHelpers":["inherits","createClass","possibleConstructorReturn","classCallCheck"],"marked":[],"modules":{"imports":[{"source":"react","imported":["default","Component","PropTypes"],"specifiers":[{"kind":"named","imported":"default","local":"React"},{"kind":"named","imported":"Component","local":"Component"},{"kind":"named","imported":"PropTypes","local":"PropTypes"}]},{"source":"react-router","imported":["browserHistory"],"specifiers":[{"kind":"named","imported":"browserHistory","local":"browserHistory"}]},{"source":"material-ui/AppBar","imported":["default"],"specifiers":[{"kind":"named","imported":"default","local":"AppBar"}]},{"source":"material-ui/Drawer","imported":["default"],"specifiers":[{"kind":"named","imported":"default","local":"Drawer"}]},{"source":"material-ui/Menu","imported":["default"],"specifiers":[{"kind":"named","imported":"default","local":"Menu"}]},{"source":"material-ui/MenuItem","imported":["default"],"specifiers":[{"kind":"named","imported":"default","local":"MenuItem"}]},{"source":"material-ui/RaisedButton","imported":["default"],"specifiers":[{"kind":"named","imported":"default","local":"RaisedButton"}]},{"source":"material-ui/Dialog","imported":["default"],"specifiers":[{"kind":"named","imported":"default","local":"Dialog"}]},{"source":"material-ui/FlatButton","imported":["default"],"specifiers":[{"kind":"named","imported":"default","local":"FlatButton"}]},{"source":"material-ui/TextField","imported":["default"],"specifiers":[{"kind":"named","imported":"default","local":"TextField"}]},{"source":"material-ui/DatePicker","imported":["default"],"specifiers":[{"kind":"named","imported":"default","local":"DatePicker"}]},{"source":"material-ui/DropDownMenu","imported":["default"],"specifiers":[{"kind":"named","imported":"default","local":"DropDownMenu"}]}],"exports":{"exported":["DialogProjectInfo"],"specifiers":[{"kind":"local","local":"DialogProjectInfo","exported":"default"}]}}},"options":{"filename":"/imports/ui/projects/DialogProjectInfo.jsx","filenameRelative":"/imports/ui/projects/DialogProjectInfo.jsx","env":{},"retainLines":false,"highlightCode":true,"suppressDeprecationMessages":false,"presets":[],"plugins":[[[],{"polyfill":false}],[[],null],[[],null],[[],null],[[],null],[[],null],[[],null],[[],null],[[],null],[[],null],[[],null],[[],null],[[],null],[[],null],[[],null],[[],null],[[],{"loose":true}],[[],{"loose":true}],[[],null],[[],{"loose":true}],[[],null],[[],null],[[],null],[[],null],[[],null],[[],null],[[],null],[[],{"loose":true}],[[],null],[[],null],[[],null],[[],null],[[],null],[[],null],[[],null],[[],null]],"ignore":[],"code":true,"metadata":true,"ast":false,"comments":true,"compact":false,"minified":false,"sourceMap":true,"sourceMaps":true,"sourceMapTarget":"/imports/ui/projects/DialogProjectInfo.jsx.map","sourceFileName":"/imports/ui/projects/DialogProjectInfo.jsx","babelrc":false,"sourceType":"module","moduleIds":false,"passPerPreset":false,"basename":"DialogProjectInfo"},"ignored":false,"code":"var _classCallCheck;module.import('babel-runtime/helpers/classCallCheck',{\"default\":function(v){_classCallCheck=v}});var _possibleConstructorReturn;module.import('babel-runtime/helpers/possibleConstructorReturn',{\"default\":function(v){_possibleConstructorReturn=v}});var _createClass;module.import('babel-runtime/helpers/createClass',{\"default\":function(v){_createClass=v}});var _inherits;module.import('babel-runtime/helpers/inherits',{\"default\":function(v){_inherits=v}});var React,Component,PropTypes;module.import('react',{\"default\":function(v){React=v},\"Component\":function(v){Component=v},\"PropTypes\":function(v){PropTypes=v}});var browserHistory;module.import('react-router',{\"browserHistory\":function(v){browserHistory=v}});var AppBar;module.import('material-ui/AppBar',{\"default\":function(v){AppBar=v}});var Drawer;module.import('material-ui/Drawer',{\"default\":function(v){Drawer=v}});var Menu;module.import('material-ui/Menu',{\"default\":function(v){Menu=v}});var MenuItem;module.import('material-ui/MenuItem',{\"default\":function(v){MenuItem=v}});var RaisedButton;module.import('material-ui/RaisedButton',{\"default\":function(v){RaisedButton=v}});var Dialog;module.import('material-ui/Dialog',{\"default\":function(v){Dialog=v}});var FlatButton;module.import('material-ui/FlatButton',{\"default\":function(v){FlatButton=v}});var TextField;module.import('material-ui/TextField',{\"default\":function(v){TextField=v}});var DatePicker;module.import('material-ui/DatePicker',{\"default\":function(v){DatePicker=v}});var DropDownMenu;module.import('material-ui/DropDownMenu',{\"default\":function(v){DropDownMenu=v}});\n\n\n\n\n\n\n\n\n\n\n\n\n\n\n\n// import { Grid, Row, Col } from 'react-flexbox-grid';\n\n// Task component - represents a single todo item\n\nvar DialogProjectInfo = function (_Component) {\n  _inherits(DialogProjectInfo, _Component);\n\n  _createClass(DialogProjectInfo, null, [{\n    key: 'propTypes',\n\n\n    // I/F定義\n    get: function () {\n      function get() {\n        return {\n          initialOpen: React.PropTypes.bool.isRequired\n        };\n      }\n\n      return get;\n    }()\n  }, {\n    key: 'defaultProps',\n    get: function () {\n      function get() {\n        return {\n          initialOpen: false\n        };\n      }\n\n      return get;\n    }()\n  }]);\n\n  function DialogProjectInfo(props) {\n    _classCallCheck(this, DialogProjectInfo);\n\n    var _this = _possibleConstructorReturn(this, _Component.call(this, props));\n\n    _this.state = {\n      open: false,\n      value: 1\n    };\n\n    _this.handleOpen = function () {\n      _this.setState({ open: true });\n    };\n\n    _this.handleClose = function () {\n      _this.setState({ open: false });\n    };\n\n    _this.handleDialog = function () {};\n    return _this;\n  }\n\n  DialogProjectInfo.prototype.componentWillMount = function () {\n    function componentWillMount() {\n      console.log(\"dilaog mount\");\n    }\n\n    return componentWillMount;\n  }();\n\n  DialogProjectInfo.prototype.componentWillReceiveProps = function () {\n    function componentWillReceiveProps(props) {\n      console.log(\"dialog props:\" + this.props.initialOpen);\n    }\n\n    return componentWillReceiveProps;\n  }();\n\n  DialogProjectInfo.prototype.render = function () {\n    function render() {\n      var actions = [React.createElement(FlatButton, {\n        label: 'Cancel',\n        primary: true,\n        onTouchTap: this.handleClose\n      }), React.createElement(FlatButton, {\n        label: 'Submit',\n        primary: true,\n        keyboardFocused: true,\n        onTouchTap: this.handleClose\n      })];\n      console.log(\"dialog props:\" + this.props.initialOpen);\n\n      return React.createElement(\n        'div',\n        null,\n        React.createElement(\n          Dialog,\n          {\n            title: 'プロジェクト新規登録',\n            actions: actions,\n            modal: false,\n            open: this.state.open,\n            onRequestClose: this.handleClose,\n            autoScrollBodyContent: true\n          },\n          React.createElement(\n            'div',\n            { style: { float: 'left' } },\n            React.createElement(TextField, { hintText: 'Hint Text', floatingLabelText: 'プロジェクト名' }),\n            React.createElement('br', null),\n            React.createElement(TextField, { hintText: 'Hint Text', floatingLabelText: '顧客名' }),\n            ' ',\n            React.createElement('br', null),\n            React.createElement(TextField, { hintText: 'Hint Text', floatingLabelText: '対応事業部名' }),\n            React.createElement('br', null),\n            React.createElement(DatePicker, { hintText: '開始日', mode: 'landscape' }),\n            React.createElement('br', null),\n            React.createElement(DatePicker, { hintText: '終了日', mode: 'landscape' }),\n            React.createElement('br', null),\n            '業種',\n            React.createElement(\n              DropDownMenu,\n              { value: this.state.value, onChange: this.handleChange },\n              React.createElement(MenuItem, { value: 1, primaryText: '一般制御システム' }),\n              React.createElement(MenuItem, { value: 2, primaryText: '自動車システム' }),\n              React.createElement(MenuItem, { value: 3, primaryText: '電力システム' })\n            ),\n            React.createElement('br', null),\n            '分析アルゴリズム',\n            React.createElement(\n              DropDownMenu,\n              { value: this.state.value, onChange: this.handleChange },\n              React.createElement(MenuItem, { value: 1, primaryText: 'v0.1' }),\n              React.createElement(MenuItem, { value: 2, primaryText: 'v0.2' }),\n              React.createElement(MenuItem, { value: 3, primaryText: 'v0.3' })\n            ),\n            React.createElement('br', null),\n            '脅威データベース',\n            React.createElement(\n              DropDownMenu,\n              { value: this.state.value, onChange: this.handleChange },\n              React.createElement(MenuItem, { value: 1, primaryText: 'v0.1' }),\n              React.createElement(MenuItem, { value: 2, primaryText: 'v0.2' }),\n              React.createElement(MenuItem, { value: 3, primaryText: 'v0.3' })\n            ),\n            React.createElement('br', null),\n            '対策データベース',\n            React.createElement(\n              DropDownMenu,\n              { value: this.state.value, onChange: this.handleChange },\n              React.createElement(MenuItem, { value: 1, primaryText: 'v0.1' }),\n              React.createElement(MenuItem, { value: 2, primaryText: 'v0.2' }),\n              React.createElement(MenuItem, { value: 3, primaryText: 'v0.3' })\n            )\n          ),\n          React.createElement(\n            'div',\n            { style: { float: 'left', width: '40' } },\n            '　 '\n          ),\n          React.createElement(\n            'div',\n            null,\n            React.createElement(TextField, {\n              hintText: 'Message Field',\n              floatingLabelText: 'メモ',\n              multiLine: true,\n              rows: 20\n            })\n          )\n        )\n      );\n    }\n\n    return render;\n  }();\n\n  return DialogProjectInfo;\n}(Component);\n\n/* Task.propTypes = {\n  // This component gets the task to display through a React prop.\n  // We can use propTypes to indicate it is required\n  task: PropTypes.object.isRequired,\n}; */\n\n\nmodule.export(\"default\",exports.default=(DialogProjectInfo));","ast":null,"map":{"version":3,"sources":["/imports/ui/projects/DialogProjectInfo.jsx"],"names":[],"mappings":";;;;AAAA,OAAO,KAAP,IAAgB,SAAhB,EAA2B,SAA3B,QAA4C,OAA5C;AACA,SAAS,cAAT,QAA+B,cAA/B;AACA,OAAO,MAAP,MAAmB,oBAAnB;AACA,OAAO,MAAP,MAAmB,oBAAnB;AACA,OAAO,IAAP,MAAiB,kBAAjB;AACA,OAAO,QAAP,MAAqB,sBAArB;AACA,OAAO,YAAP,MAAyB,0BAAzB;AACA,OAAO,MAAP,MAAmB,oBAAnB;AACA,OAAO,UAAP,MAAuB,wBAAvB;AACA,OAAO,SAAP,MAAsB,uBAAtB;AACA,OAAO,UAAP,MAAuB,wBAAvB;AACA,OAAO,YAAP,MAAyB,0BAAzB;;;;;IAIqB,iB;;;;;;;;;qBAGI;AACrB,eAAO;AACL,uBAAa,MAAM,SAAN,CAAgB,IAAhB,CAAqB;AAD7B,SAAP;AAGD;;;;;;;qBAEyB;AACxB,eAAQ;AACN,uBAAa;AADP,SAAR;AAGD;;;;;;AAED,6BAAY,KAAZ,EAAmB;AAAA;;AAAA,iDACjB,sBAAM,KAAN,CADiB;;AAEjB,UAAK,KAAL,GAAa;AACX,YAAM,KADK;AAEX,aAAO;AAFI,KAAb;;AAKA,UAAK,UAAL,GAAkB,YAAM;AACtB,YAAK,QAAL,CAAc,EAAC,MAAM,IAAP,EAAd;AACD,KAFD;;AAIA,UAAK,WAAL,GAAmB,YAAM;AACvB,YAAK,QAAL,CAAc,EAAC,MAAM,KAAP,EAAd;AACD,KAFD;;AAIA,UAAK,YAAL,GAAoB,YAAM,CAEzB,CAFD;AAfiB;AAkBlB;;8BAED,kB;kCAAqB;AACnB,cAAQ,GAAR,CAAY,cAAZ;AACD;;;;;8BAED,yB;uCAA0B,K,EAAO;AAC/B,cAAQ,GAAR,CAAY,kBAAgB,KAAK,KAAL,CAAW,WAAvC;AACD;;;;;8BAED,M;sBAAS;AACP,UAAM,UAAU,CACd,oBAAC,UAAD;AACE,eAAM,QADR;AAEE,iBAAS,IAFX;AAGE,oBAAY,KAAK;AAHnB,QADc,EAMd,oBAAC,UAAD;AACE,eAAM,QADR;AAEE,iBAAS,IAFX;AAGE,yBAAiB,IAHnB;AAIE,oBAAY,KAAK;AAJnB,QANc,CAAhB;AAaA,cAAQ,GAAR,CAAY,kBAAgB,KAAK,KAAL,CAAW,WAAvC;;AAEA,aACE;AAAA;AAAA;AACE;AAAC,gBAAD;AAAA;AACE,mBAAM,YADR;AAEE,qBAAS,OAFX;AAGE,mBAAO,KAHT;AAIE,kBAAM,KAAK,KAAL,CAAW,IAJnB;AAKE,4BAAgB,KAAK,WALvB;AAME,mCAAuB;AANzB;AAQI;AAAA;AAAA,cAAK,OAAO,EAAC,OAAM,MAAP,EAAZ;AACI,gCAAC,SAAD,IAAW,UAAS,WAApB,EAAgC,mBAAkB,SAAlD,GADJ;AACkE,2CADlE;AAEI,gCAAC,SAAD,IAAW,UAAS,WAApB,EAAgC,mBAAkB,KAAlD,GAFJ;AAAA;AAE+D,2CAF/D;AAGI,gCAAC,SAAD,IAAW,UAAS,WAApB,EAAgC,mBAAkB,QAAlD,GAHJ;AAGiE,2CAHjE;AAII,gCAAC,UAAD,IAAY,UAAS,KAArB,EAA2B,MAAK,WAAhC,GAJJ;AAIkD,2CAJlD;AAKI,gCAAC,UAAD,IAAY,UAAS,KAArB,EAA2B,MAAK,WAAhC,GALJ;AAKkD,2CALlD;AAAA;AAOI;AAAC,0BAAD;AAAA,gBAAc,OAAO,KAAK,KAAL,CAAW,KAAhC,EAAuC,UAAU,KAAK,YAAtD;AACE,kCAAC,QAAD,IAAU,OAAO,CAAjB,EAAoB,aAAY,UAAhC,GADF;AAEE,kCAAC,QAAD,IAAU,OAAO,CAAjB,EAAoB,aAAY,SAAhC,GAFF;AAGE,kCAAC,QAAD,IAAU,OAAO,CAAjB,EAAoB,aAAY,QAAhC;AAHF,aAPJ;AAWmB,2CAXnB;AAAA;AAaI;AAAC,0BAAD;AAAA,gBAAc,OAAO,KAAK,KAAL,CAAW,KAAhC,EAAuC,UAAU,KAAK,YAAtD;AACE,kCAAC,QAAD,IAAU,OAAO,CAAjB,EAAoB,aAAY,MAAhC,GADF;AAEE,kCAAC,QAAD,IAAU,OAAO,CAAjB,EAAoB,aAAY,MAAhC,GAFF;AAGE,kCAAC,QAAD,IAAU,OAAO,CAAjB,EAAoB,aAAY,MAAhC;AAHF,aAbJ;AAiBmB,2CAjBnB;AAAA;AAmBI;AAAC,0BAAD;AAAA,gBAAc,OAAO,KAAK,KAAL,CAAW,KAAhC,EAAuC,UAAU,KAAK,YAAtD;AACE,kCAAC,QAAD,IAAU,OAAO,CAAjB,EAAoB,aAAY,MAAhC,GADF;AAEE,kCAAC,QAAD,IAAU,OAAO,CAAjB,EAAoB,aAAY,MAAhC,GAFF;AAGE,kCAAC,QAAD,IAAU,OAAO,CAAjB,EAAoB,aAAY,MAAhC;AAHF,aAnBJ;AAuBmB,2CAvBnB;AAAA;AAyBI;AAAC,0BAAD;AAAA,gBAAc,OAAO,KAAK,KAAL,CAAW,KAAhC,EAAuC,UAAU,KAAK,YAAtD;AACE,kCAAC,QAAD,IAAU,OAAO,CAAjB,EAAoB,aAAY,MAAhC,GADF;AAEE,kCAAC,QAAD,IAAU,OAAO,CAAjB,EAAoB,aAAY,MAAhC,GAFF;AAGE,kCAAC,QAAD,IAAU,OAAO,CAAjB,EAAoB,aAAY,MAAhC;AAHF;AAzBJ,WARJ;AAuCI;AAAA;AAAA,cAAK,OAAO,EAAC,OAAM,MAAP,EAAgB,OAAM,IAAtB,EAAZ;AAAA;AAAA,WAvCJ;AA0CI;AAAA;AAAA;AACI,gCAAC,SAAD;AACE,wBAAS,eADX;AAEE,iCAAkB,IAFpB;AAGE,yBAAW,IAHb;AAIE,oBAAM;AAJR;AADJ;AA1CJ;AADF,OADF;AAuDD;;;;;;EAlH4C,S;;;;;;;;;eAA1B,iB","file":"/imports/ui/projects/DialogProjectInfo.jsx.map","sourcesContent":["import React, { Component, PropTypes } from 'react';\nimport { browserHistory } from 'react-router';\nimport AppBar from 'material-ui/AppBar';\nimport Drawer from 'material-ui/Drawer';\nimport Menu from 'material-ui/Menu';\nimport MenuItem from 'material-ui/MenuItem';\nimport RaisedButton from 'material-ui/RaisedButton';\nimport Dialog from 'material-ui/Dialog';\nimport FlatButton from 'material-ui/FlatButton';\nimport TextField from 'material-ui/TextField';\nimport DatePicker from 'material-ui/DatePicker';\nimport DropDownMenu from 'material-ui/DropDownMenu';\n// import { Grid, Row, Col } from 'react-flexbox-grid';\n\n// Task component - represents a single todo item\nexport default class DialogProjectInfo extends Component {\n  \n  // I/F定義\n  static get propTypes() { \n    return { \n      initialOpen: React.PropTypes.bool.isRequired\n    };\n  }\n\n  static get defaultProps() {\n    return  { \n      initialOpen: false \n    }; \n  }\n\n  constructor(props) {\n    super(props);\n    this.state = {\n      open: false,\n      value: 1\n    };\n\n    this.handleOpen = () => {\n      this.setState({open: true});\n    };\n\n    this.handleClose = () => {\n      this.setState({open: false});\n    };\n    \n    this.handleDialog = () => {\n\n    };\n  }\n\n  componentWillMount() {\n    console.log(\"dilaog mount\");\n  }\n\n  componentWillReceiveProps(props) {\n    console.log(\"dialog props:\"+this.props.initialOpen);\n  } \n\n  render() {\n    const actions = [\n      <FlatButton\n        label=\"Cancel\"\n        primary={true}\n        onTouchTap={this.handleClose}\n      />,\n      <FlatButton\n        label=\"Submit\"\n        primary={true}\n        keyboardFocused={true}\n        onTouchTap={this.handleClose}\n      />\n    ];\n    console.log(\"dialog props:\"+this.props.initialOpen);\n\n    return (\n      <div>\n        <Dialog\n          title=\"プロジェクト新規登録\"\n          actions={actions}\n          modal={false}\n          open={this.state.open}\n          onRequestClose={this.handleClose}\n          autoScrollBodyContent={true}\n        >\n            <div style={{float:'left'}}>\n                <TextField　hintText=\"Hint Text\"　floatingLabelText=\"プロジェクト名\" /><br/>\n                <TextField　hintText=\"Hint Text\"　floatingLabelText=\"顧客名\"　/> <br/>\n                <TextField　hintText=\"Hint Text\"　floatingLabelText=\"対応事業部名\" /><br/>\n                <DatePicker hintText=\"開始日\" mode=\"landscape\" /><br/>\n                <DatePicker hintText=\"終了日\" mode=\"landscape\" /><br/>\n                業種\n                <DropDownMenu value={this.state.value} onChange={this.handleChange}>\n                  <MenuItem value={1} primaryText=\"一般制御システム\" />\n                  <MenuItem value={2} primaryText=\"自動車システム\" />\n                  <MenuItem value={3} primaryText=\"電力システム\" />\n                </DropDownMenu><br/>\n                分析アルゴリズム\n                <DropDownMenu value={this.state.value} onChange={this.handleChange}>\n                  <MenuItem value={1} primaryText=\"v0.1\" />\n                  <MenuItem value={2} primaryText=\"v0.2\" />\n                  <MenuItem value={3} primaryText=\"v0.3\" />\n                </DropDownMenu><br/>\n                脅威データベース\n                <DropDownMenu value={this.state.value} onChange={this.handleChange}>\n                  <MenuItem value={1} primaryText=\"v0.1\" />\n                  <MenuItem value={2} primaryText=\"v0.2\" />\n                  <MenuItem value={3} primaryText=\"v0.3\" />\n                </DropDownMenu><br/>\n                対策データベース\n                <DropDownMenu value={this.state.value} onChange={this.handleChange}>\n                  <MenuItem value={1} primaryText=\"v0.1\" />\n                  <MenuItem value={2} primaryText=\"v0.2\" />\n                  <MenuItem value={3} primaryText=\"v0.3\" />\n                </DropDownMenu>\n            </div>\n            <div style={{float:'left' , width:'40'}} >\n            　&nbsp;\n            </div>\n            <div>\n                <TextField\n                  hintText=\"Message Field\"\n                  floatingLabelText=\"メモ\"\n                  multiLine={true}\n                  rows={20}\n                />\n            </div>\n        </Dialog> \n      </div>\n    );\n  }\n} \n \n/* Task.propTypes = {\n  // This component gets the task to display through a React prop.\n  // We can use propTypes to indicate it is required\n  task: PropTypes.object.isRequired,\n}; */\n\n\n"]},"hash":"650bee55171f50e8fe29525ddd19ca9e87f3fbe2"}
