{"metadata":{"usedHelpers":["inherits","createClass","possibleConstructorReturn","classCallCheck"],"marked":[],"modules":{"imports":[{"source":"react","imported":["default","Component","PropTypes"],"specifiers":[{"kind":"named","imported":"default","local":"React"},{"kind":"named","imported":"Component","local":"Component"},{"kind":"named","imported":"PropTypes","local":"PropTypes"}]},{"source":"react-router","imported":["browserHistory"],"specifiers":[{"kind":"named","imported":"browserHistory","local":"browserHistory"}]},{"source":"material-ui/AppBar","imported":["default"],"specifiers":[{"kind":"named","imported":"default","local":"AppBar"}]},{"source":"material-ui/Drawer","imported":["default"],"specifiers":[{"kind":"named","imported":"default","local":"Drawer"}]},{"source":"material-ui/Menu","imported":["default"],"specifiers":[{"kind":"named","imported":"default","local":"Menu"}]},{"source":"material-ui/MenuItem","imported":["default"],"specifiers":[{"kind":"named","imported":"default","local":"MenuItem"}]},{"source":"material-ui/RaisedButton","imported":["default"],"specifiers":[{"kind":"named","imported":"default","local":"RaisedButton"}]},{"source":"material-ui/Dialog","imported":["default"],"specifiers":[{"kind":"named","imported":"default","local":"Dialog"}]},{"source":"material-ui/FlatButton","imported":["default"],"specifiers":[{"kind":"named","imported":"default","local":"FlatButton"}]},{"source":"material-ui/TextField","imported":["default"],"specifiers":[{"kind":"named","imported":"default","local":"TextField"}]},{"source":"material-ui/DatePicker","imported":["default"],"specifiers":[{"kind":"named","imported":"default","local":"DatePicker"}]},{"source":"material-ui/DropDownMenu","imported":["default"],"specifiers":[{"kind":"named","imported":"default","local":"DropDownMenu"}]}],"exports":{"exported":["DialogProjectInfo"],"specifiers":[{"kind":"local","local":"DialogProjectInfo","exported":"default"}]}}},"options":{"filename":"/imports/ui/projects/DialogProjectInfo.jsx","filenameRelative":"/imports/ui/projects/DialogProjectInfo.jsx","env":{},"retainLines":false,"highlightCode":true,"suppressDeprecationMessages":false,"presets":[],"plugins":[[[],{"polyfill":false}],[[],null],[[],null],[[],null],[[],null],[[],null],[[],null],[[],null],[[],null],[[],null],[[],null],[[],null],[[],null],[[],null],[[],{"loose":true}],[[],{"loose":true}],[[],null],[[],{"loose":true}],[[],null],[[],null],[[],null],[[],null],[[],null],[[],null],[[],null],[[],{"loose":true}],[[],null],[[],null],[[],null],[[],null],[[],null],[[],null],[[],null],[[],null]],"ignore":[],"code":true,"metadata":true,"ast":false,"comments":true,"compact":false,"minified":false,"sourceMap":true,"sourceMaps":true,"sourceMapTarget":"/imports/ui/projects/DialogProjectInfo.jsx.map","sourceFileName":"/imports/ui/projects/DialogProjectInfo.jsx","babelrc":false,"sourceType":"module","moduleIds":false,"passPerPreset":false,"basename":"DialogProjectInfo"},"ignored":false,"code":"var _classCallCheck;module.import('babel-runtime/helpers/classCallCheck',{\"default\":function(v){_classCallCheck=v}});var _possibleConstructorReturn;module.import('babel-runtime/helpers/possibleConstructorReturn',{\"default\":function(v){_possibleConstructorReturn=v}});var _createClass;module.import('babel-runtime/helpers/createClass',{\"default\":function(v){_createClass=v}});var _inherits;module.import('babel-runtime/helpers/inherits',{\"default\":function(v){_inherits=v}});var React,Component,PropTypes;module.import('react',{\"default\":function(v){React=v},\"Component\":function(v){Component=v},\"PropTypes\":function(v){PropTypes=v}});var browserHistory;module.import('react-router',{\"browserHistory\":function(v){browserHistory=v}});var AppBar;module.import('material-ui/AppBar',{\"default\":function(v){AppBar=v}});var Drawer;module.import('material-ui/Drawer',{\"default\":function(v){Drawer=v}});var Menu;module.import('material-ui/Menu',{\"default\":function(v){Menu=v}});var MenuItem;module.import('material-ui/MenuItem',{\"default\":function(v){MenuItem=v}});var RaisedButton;module.import('material-ui/RaisedButton',{\"default\":function(v){RaisedButton=v}});var Dialog;module.import('material-ui/Dialog',{\"default\":function(v){Dialog=v}});var FlatButton;module.import('material-ui/FlatButton',{\"default\":function(v){FlatButton=v}});var TextField;module.import('material-ui/TextField',{\"default\":function(v){TextField=v}});var DatePicker;module.import('material-ui/DatePicker',{\"default\":function(v){DatePicker=v}});var DropDownMenu;module.import('material-ui/DropDownMenu',{\"default\":function(v){DropDownMenu=v}});\n\n\n\n\n\n\n\n\n\n\n\n\n\n\n\n// import { Grid, Row, Col } from 'react-flexbox-grid';\n\n// Task component - represents a single todo item\n\nvar DialogProjectInfo = function (_Component) {\n  _inherits(DialogProjectInfo, _Component);\n\n  _createClass(DialogProjectInfo, null, [{\n    key: 'propTypes',\n\n\n    // I/F定義\n    get: function get() {\n      return {\n        open: React.PropTypes.bool.isRequired,\n        onCancel: React.PropTypes.func.isRequired,\n        onSubmit: React.PropTypes.func.isRequired,\n        params: React.PropTypes.array\n      };\n    }\n  }, {\n    key: 'defaultProps',\n    get: function get() {\n      return {\n        open: false\n      };\n    }\n  }]);\n\n  function DialogProjectInfo(props) {\n    _classCallCheck(this, DialogProjectInfo);\n\n    var _this = _possibleConstructorReturn(this, _Component.call(this, props));\n\n    _this.state = {\n      // ダイアログ表示ステート\n      open: false,\n      // パラメータ\n      // projectName: \"\",\n      bisCategory: 1,\n      projectName: \"デフォルトプロジェクト\",\n      customerName: \"顧客名\",\n      divisionName: \"対応事業部名\",\n      dateBegin: new Date(),\n      dateEnd: new Date(),\n      bisCategoryID: 2,\n      algorythmVer: 1,\n      tDBVer: 1,\n      mDBVer: 1,\n      memo: \"プロジェクトの概要説明など記載して下さい。\"\n    };\n\n    _this.menuItemsBisCategoryArr = [{ value: 1, text: '一般制御システム' }, { value: 2, text: '自動車システム' }, { value: 3, text: '電力システム' }];\n    /* this.handleOpen = () => {\n      this.setState({open: true});\n    }; */\n\n    _this.onSubmit = function () {\n      // console.log(this.refs.pn.getDOMNode());\n      _this.setState({ projectName: _this.refs.projectName.getValue() });\n      _this.setState({ customerName: _this.refs.customerName.getValue() });\n      _this.setState({ divisionName: _this.refs.divisionName.getValue() });\n      _this.setState({ memo: _this.refs.memo.getValue() });\n      // console.log(this.refs.projectName.getValue());\n      // this.setState({projectName: this.refs.projectName.props.value}) \n      _this.props.onSubmit(_this.state);\n    };\n\n    _this.onCancel = function () {\n      _this.props.onCancel();\n    };\n\n    _this.onChangeBisCategory = function (event, index, bisCategoryID) {\n      _this.setState({ bisCategoryID: bisCategoryID });\n    };\n\n    _this.onChange = function (event, value) {\n      _this.setState({ projectName: value });\n      console.log(\"value:\" + _this.state.projectName);\n    };\n    return _this;\n  }\n\n  DialogProjectInfo.prototype.render = function render() {\n    var actions = [React.createElement(FlatButton, {\n      label: 'Cancel',\n      primary: true,\n      onTouchTap: this.onCancel\n    }), React.createElement(FlatButton, {\n      label: 'Submit',\n      primary: true,\n      keyboardFocused: true,\n      onTouchTap: this.onSubmit\n    })];\n\n    return React.createElement(\n      'div',\n      null,\n      React.createElement(\n        Dialog,\n        {\n          title: 'プロジェクト情報',\n          actions: actions,\n          modal: false,\n          open: this.props.open,\n          onRequestClose: this.handleClose,\n          autoScrollBodyContent: true\n        },\n        React.createElement(\n          'div',\n          { style: { float: 'left' } },\n          React.createElement(TextField, {\n            ref: 'projectName',\n            floatingLabelText: 'プロジェクト名',\n            defaultValue: 'テストプロジェクト',\n            onChange: this.onChange }),\n          React.createElement('br', null),\n          React.createElement(TextField, { ref: 'customerName', floatingLabelText: '顧客名', defaultValue: this.state.customerName }),\n          ' ',\n          React.createElement('br', null),\n          React.createElement(TextField, { ref: 'divisionName', floatingLabelText: '対応事業部名', defaultValue: this.state.divisionName }),\n          React.createElement('br', null),\n          React.createElement(DatePicker, { ref: 'dateBegin', floatingLabelText: '開始日', mode: 'landscape', defaultValue: this.state.dateBegin }),\n          React.createElement('br', null),\n          React.createElement(DatePicker, { ref: 'dateEnd', floatingLabelText: '終了日', mode: 'landscape', defaultValue: this.state.dateEnd }),\n          React.createElement('br', null),\n          '業種',\n          React.createElement(\n            DropDownMenu,\n            {\n              ref: 'bisCategoryID',\n              value: this.state.bisCategoryID,\n              onChange: this.onChangeBisCategory\n            },\n            this.menuItemsBisCategoryArr.map(function (menuItem) {\n              return React.createElement(MenuItem, { key: menuItem.value, value: menuItem.value, primaryText: menuItem.text });\n            })\n          ),\n          React.createElement('br', null),\n          '分析アルゴリズム',\n          React.createElement(\n            DropDownMenu,\n            { ref: 'algorythmVer', value: this.state.algorythmVer, onChange: this.onChangeAlgoType },\n            React.createElement(MenuItem, { value: 1, primaryText: 'v0.1' }),\n            React.createElement(MenuItem, { value: 2, primaryText: 'v0.2' }),\n            React.createElement(MenuItem, { value: 3, primaryText: 'v0.3' })\n          ),\n          React.createElement('br', null),\n          '脅威データベース',\n          React.createElement(\n            DropDownMenu,\n            { ref: 'tDBVer', value: this.state.tDBVer, onChange: this.onChangeTDBType },\n            React.createElement(MenuItem, { value: 1, primaryText: 'v0.1' }),\n            React.createElement(MenuItem, { value: 2, primaryText: 'v0.2' }),\n            React.createElement(MenuItem, { value: 3, primaryText: 'v0.3' })\n          ),\n          React.createElement('br', null),\n          '対策データベース',\n          React.createElement(\n            DropDownMenu,\n            { ref: 'mDBVer', value: this.state.mDBVer, onChange: this.onChangeMDBType },\n            React.createElement(MenuItem, { value: 1, primaryText: 'v0.1' }),\n            React.createElement(MenuItem, { value: 2, primaryText: 'v0.2' }),\n            React.createElement(MenuItem, { value: 3, primaryText: 'v0.3' })\n          )\n        ),\n        React.createElement(\n          'div',\n          { style: { float: 'left', width: '40px' } },\n          '　 '\n        ),\n        React.createElement(\n          'div',\n          null,\n          React.createElement(TextField, {\n            ref: 'memo',\n            floatingLabelText: 'メモ',\n            defaultValue: this.state.memo,\n            multiLine: true,\n            rows: 20\n          })\n        )\n      )\n    );\n  };\n\n  return DialogProjectInfo;\n}(Component);\n\nmodule.export(\"default\",exports.default=(DialogProjectInfo));","ast":null,"map":{"version":3,"sources":["/imports/ui/projects/DialogProjectInfo.jsx"],"names":[],"mappings":";;;;AAAA,OAAO,KAAP,IAAgB,SAAhB,EAA2B,SAA3B,QAA4C,OAA5C;AACA,SAAS,cAAT,QAA+B,cAA/B;AACA,OAAO,MAAP,MAAmB,oBAAnB;AACA,OAAO,MAAP,MAAmB,oBAAnB;AACA,OAAO,IAAP,MAAiB,kBAAjB;AACA,OAAO,QAAP,MAAqB,sBAArB;AACA,OAAO,YAAP,MAAyB,0BAAzB;AACA,OAAO,MAAP,MAAmB,oBAAnB;AACA,OAAO,UAAP,MAAuB,wBAAvB;AACA,OAAO,SAAP,MAAsB,uBAAtB;AACA,OAAO,UAAP,MAAuB,wBAAvB;AACA,OAAO,YAAP,MAAyB,0BAAzB;;;;;IAIqB,iB;;;;;;;;wBAGI;AACrB,aAAO;AACL,cAAM,MAAM,SAAN,CAAgB,IAAhB,CAAqB,UADtB;AAEL,kBAAU,MAAM,SAAN,CAAgB,IAAhB,CAAqB,UAF1B;AAGL,kBAAU,MAAM,SAAN,CAAgB,IAAhB,CAAqB,UAH1B;AAIL,gBAAO,MAAM,SAAN,CAAgB;AAJlB,OAAP;AAMD;;;wBAEyB;AACxB,aAAQ;AACN,cAAM;AADA,OAAR;AAGD;;;AAED,6BAAY,KAAZ,EAAmB;AAAA;;AAAA,iDACjB,sBAAM,KAAN,CADiB;;AAGjB,UAAK,KAAL,GAAa;;AAEX,YAAM,KAFK;;;AAKX,mBAAa,CALF;AAMX,mBAAa,aANF;AAOX,oBAAc,KAPH;AAQX,oBAAa,QARF;AASX,iBAAW,IAAI,IAAJ,EATA;AAUX,eAAS,IAAI,IAAJ,EAVE;AAWX,qBAAe,CAXJ;AAYX,oBAAc,CAZH;AAaX,cAAQ,CAbG;AAcX,cAAQ,CAdG;AAeX,YAAM;AAfK,KAAb;;AAkBA,UAAK,uBAAL,GAA+B,CAC7B,EAAE,OAAO,CAAT,EAAY,MAAM,UAAlB,EAD6B,EAE7B,EAAE,OAAO,CAAT,EAAY,MAAM,SAAlB,EAF6B,EAG7B,EAAE,OAAO,CAAT,EAAY,MAAM,QAAlB,EAH6B,CAA/B;;;;;AASA,UAAK,QAAL,GAAgB,YAAM;;AAEpB,YAAK,QAAL,CAAc,EAAC,aAAa,MAAK,IAAL,CAAU,WAAV,CAAsB,QAAtB,EAAd,EAAd;AACA,YAAK,QAAL,CAAc,EAAC,cAAc,MAAK,IAAL,CAAU,YAAV,CAAuB,QAAvB,EAAf,EAAd;AACA,YAAK,QAAL,CAAc,EAAC,cAAc,MAAK,IAAL,CAAU,YAAV,CAAuB,QAAvB,EAAf,EAAd;AACA,YAAK,QAAL,CAAc,EAAC,MAAM,MAAK,IAAL,CAAU,IAAV,CAAe,QAAf,EAAP,EAAd;;;AAGA,YAAK,KAAL,CAAW,QAAX,CAAoB,MAAK,KAAzB;AACD,KATD;;AAWA,UAAK,QAAL,GAAgB,YAAM;AACpB,YAAK,KAAL,CAAW,QAAX;AACD,KAFD;;AAIA,UAAK,mBAAL,GAA2B,UAAC,KAAD,EAAO,KAAP,EAAa,aAAb,EAA+B;AACxD,YAAK,QAAL,CAAc,EAAC,4BAAD,EAAd;AACD,KAFD;;AAIA,UAAK,QAAL,GAAgB,UAAC,KAAD,EAAO,KAAP,EAAiB;AAC/B,YAAK,QAAL,CAAc,EAAC,aAAc,KAAf,EAAd;AACA,cAAQ,GAAR,CAAY,WAAS,MAAK,KAAL,CAAW,WAAhC;AACD,KAHD;AAjDiB;AAqDlB;;8BAED,M,qBAAS;AACP,QAAM,UAAU,CACd,oBAAC,UAAD;AACE,aAAM,QADR;AAEE,eAAS,IAFX;AAGE,kBAAY,KAAK;AAHnB,MADc,EAMd,oBAAC,UAAD;AACE,aAAM,QADR;AAEE,eAAS,IAFX;AAGE,uBAAiB,IAHnB;AAIE,kBAAY,KAAK;AAJnB,MANc,CAAhB;;AAcA,WACE;AAAA;AAAA;AACE;AAAC,cAAD;AAAA;AACE,iBAAM,UADR;AAEE,mBAAS,OAFX;AAGE,iBAAO,KAHT;AAIE,gBAAM,KAAK,KAAL,CAAW,IAJnB;AAKE,0BAAgB,KAAK,WALvB;AAME,iCAAuB;AANzB;AAQI;AAAA;AAAA,YAAK,OAAO,EAAC,OAAM,MAAP,EAAZ;AACI,8BAAC,SAAD;AACE,iBAAI,aADN;AAEE,+BAAkB,SAFpB;AAGE,0BAAa,WAHf;AAIE,sBAAU,KAAK,QAJjB,GADJ;AAKiC,yCALjC;AAMI,8BAAC,SAAD,IAAW,KAAI,cAAf,EAA8B,mBAAkB,KAAhD,EAAsD,cAAc,KAAK,KAAL,CAAW,YAA/E,GANJ;AAAA;AAMmG,yCANnG;AAOI,8BAAC,SAAD,IAAW,KAAI,cAAf,EAA8B,mBAAkB,QAAhD,EAAyD,cAAc,KAAK,KAAL,CAAW,YAAlF,GAPJ;AAOqG,yCAPrG;AAQI,8BAAC,UAAD,IAAY,KAAI,WAAhB,EAA4B,mBAAkB,KAA9C,EAAoD,MAAK,WAAzD,EAAqE,cAAc,KAAK,KAAL,CAAW,SAA9F,GARJ;AAQ8G,yCAR9G;AASI,8BAAC,UAAD,IAAY,KAAI,SAAhB,EAA0B,mBAAkB,KAA5C,EAAkD,MAAK,WAAvD,EAAmE,cAAc,KAAK,KAAL,CAAW,OAA5F,GATJ;AAS0G,yCAT1G;AAAA;AAWI;AAAC,wBAAD;AAAA;AACE,mBAAI,eADN;AAEE,qBAAO,KAAK,KAAL,CAAW,aAFpB;AAGE,wBAAU,KAAK;AAHjB;AAKG,iBAAK,uBAAL,CAA6B,GAA7B,CAAiC;AAAA,qBAChC,oBAAC,QAAD,IAAU,KAAK,SAAS,KAAxB,EAA+B,OAAO,SAAS,KAA/C,EAAsD,aAAa,SAAS,IAA5E,GADgC;AAAA,aAAjC;AALH,WAXJ;AAmBmB,yCAnBnB;AAAA;AAqBI;AAAC,wBAAD;AAAA,cAAc,KAAI,cAAlB,EAAiC,OAAO,KAAK,KAAL,CAAW,YAAnD,EAAiE,UAAU,KAAK,gBAAhF;AACE,gCAAC,QAAD,IAAU,OAAO,CAAjB,EAAoB,aAAY,MAAhC,GADF;AAEE,gCAAC,QAAD,IAAU,OAAO,CAAjB,EAAoB,aAAY,MAAhC,GAFF;AAGE,gCAAC,QAAD,IAAU,OAAO,CAAjB,EAAoB,aAAY,MAAhC;AAHF,WArBJ;AAyBmB,yCAzBnB;AAAA;AA2BI;AAAC,wBAAD;AAAA,cAAc,KAAI,QAAlB,EAA2B,OAAO,KAAK,KAAL,CAAW,MAA7C,EAAqD,UAAU,KAAK,eAApE;AACE,gCAAC,QAAD,IAAU,OAAO,CAAjB,EAAoB,aAAY,MAAhC,GADF;AAEE,gCAAC,QAAD,IAAU,OAAO,CAAjB,EAAoB,aAAY,MAAhC,GAFF;AAGE,gCAAC,QAAD,IAAU,OAAO,CAAjB,EAAoB,aAAY,MAAhC;AAHF,WA3BJ;AA+BmB,yCA/BnB;AAAA;AAiCI;AAAC,wBAAD;AAAA,cAAc,KAAI,QAAlB,EAA2B,OAAO,KAAK,KAAL,CAAW,MAA7C,EAAqD,UAAU,KAAK,eAApE;AACE,gCAAC,QAAD,IAAU,OAAO,CAAjB,EAAoB,aAAY,MAAhC,GADF;AAEE,gCAAC,QAAD,IAAU,OAAO,CAAjB,EAAoB,aAAY,MAAhC,GAFF;AAGE,gCAAC,QAAD,IAAU,OAAO,CAAjB,EAAoB,aAAY,MAAhC;AAHF;AAjCJ,SARJ;AA+CI;AAAA;AAAA,YAAK,OAAO,EAAC,OAAM,MAAP,EAAgB,OAAM,MAAtB,EAAZ;AAAA;AAAA,SA/CJ;AAkDI;AAAA;AAAA;AACG,8BAAC,SAAD;AACG,iBAAI,MADP;AAEG,+BAAkB,IAFrB;AAGG,0BAAc,KAAK,KAAL,CAAW,IAH5B;AAIG,uBAAW,IAJd;AAKG,kBAAM;AALT;AADH;AAlDJ;AADF,KADF;AAgED,G;;;EAxJ4C,S;;eAA1B,iB","file":"/imports/ui/projects/DialogProjectInfo.jsx.map","sourcesContent":["import React, { Component, PropTypes } from 'react';\nimport { browserHistory } from 'react-router';\nimport AppBar from 'material-ui/AppBar';\nimport Drawer from 'material-ui/Drawer';\nimport Menu from 'material-ui/Menu';\nimport MenuItem from 'material-ui/MenuItem';\nimport RaisedButton from 'material-ui/RaisedButton';\nimport Dialog from 'material-ui/Dialog';\nimport FlatButton from 'material-ui/FlatButton';\nimport TextField from 'material-ui/TextField';\nimport DatePicker from 'material-ui/DatePicker';\nimport DropDownMenu from 'material-ui/DropDownMenu';\n// import { Grid, Row, Col } from 'react-flexbox-grid';\n\n// Task component - represents a single todo item\nexport default class DialogProjectInfo extends Component {\n  \n  // I/F定義\n  static get propTypes() { \n    return { \n      open: React.PropTypes.bool.isRequired,\n      onCancel: React.PropTypes.func.isRequired,\n      onSubmit: React.PropTypes.func.isRequired,\n      params:React.PropTypes.array\n    };\n  }\n\n  static get defaultProps() {\n    return  { \n      open: false,\n    }; \n  }\n\n  constructor(props) {\n    super(props);\n\n    this.state = {\n      // ダイアログ表示ステート\n      open: false,\n      // パラメータ\n      // projectName: \"\",\n      bisCategory: 1,\n      projectName: \"デフォルトプロジェクト\",\n      customerName: \"顧客名\",\n      divisionName:\"対応事業部名\",\n      dateBegin: new Date(),\n      dateEnd: new Date(),\n      bisCategoryID: 2, \n      algorythmVer: 1,\n      tDBVer: 1,\n      mDBVer: 1,\n      memo: \"プロジェクトの概要説明など記載して下さい。\" \n    };\n\n    this.menuItemsBisCategoryArr = [\n      { value: 1, text: '一般制御システム' },\n      { value: 2, text: '自動車システム' },\n      { value: 3, text: '電力システム' }\n    ];\n    /* this.handleOpen = () => {\n      this.setState({open: true});\n    }; */\n\n    this.onSubmit = () => {\n      // console.log(this.refs.pn.getDOMNode());\n      this.setState({projectName: this.refs.projectName.getValue()});\n      this.setState({customerName: this.refs.customerName.getValue()});\n      this.setState({divisionName: this.refs.divisionName.getValue()});\n      this.setState({memo: this.refs.memo.getValue()});\n      // console.log(this.refs.projectName.getValue());\n      // this.setState({projectName: this.refs.projectName.props.value})  \n      this.props.onSubmit(this.state);\n    };\n\n    this.onCancel = () => {\n      this.props.onCancel();\n    };   \n\n    this.onChangeBisCategory = (event,index,bisCategoryID) => {\n      this.setState({bisCategoryID});\n    };\n    \n    this.onChange = (event,value) => {\n      this.setState({projectName : value});\n      console.log(\"value:\"+this.state.projectName);\n    }; \n  }\n\n  render() {\n    const actions = [\n      <FlatButton\n        label=\"Cancel\"\n        primary={true}\n        onTouchTap={this.onCancel}\n      />,\n      <FlatButton\n        label=\"Submit\"\n        primary={true}\n        keyboardFocused={true}\n        onTouchTap={this.onSubmit}\n      />\n    ];\n\n    return (\n      <div>\n        <Dialog\n          title=\"プロジェクト情報\"\n          actions={actions}\n          modal={false}\n          open={this.props.open}\n          onRequestClose={this.handleClose}\n          autoScrollBodyContent={true}\n        >\n            <div style={{float:'left'}}>\n                <TextField　\n                  ref=\"projectName\" \n                  floatingLabelText=\"プロジェクト名\" \n                  defaultValue=\"テストプロジェクト\" \n                  onChange={this.onChange} /><br/>\n                <TextField　ref=\"customerName\" floatingLabelText=\"顧客名\"　defaultValue={this.state.customerName}/> <br/>\n                <TextField　ref=\"divisionName\" floatingLabelText=\"対応事業部名\" defaultValue={this.state.divisionName}/><br/>\n                <DatePicker ref=\"dateBegin\" floatingLabelText=\"開始日\" mode=\"landscape\" defaultValue={this.state.dateBegin}/><br/>\n                <DatePicker ref=\"dateEnd\" floatingLabelText=\"終了日\" mode=\"landscape\" defaultValue={this.state.dateEnd}/><br/>\n                業種\n                <DropDownMenu \n                  ref=\"bisCategoryID\"\n                  value={this.state.bisCategoryID}\n                  onChange={this.onChangeBisCategory}\n                >  \n                  {this.menuItemsBisCategoryArr.map(menuItem => (\n                    <MenuItem key={menuItem.value} value={menuItem.value} primaryText={menuItem.text} />\n                  ))}\n                </DropDownMenu><br/>\n                分析アルゴリズム\n                <DropDownMenu ref=\"algorythmVer\" value={this.state.algorythmVer} onChange={this.onChangeAlgoType}>\n                  <MenuItem value={1} primaryText=\"v0.1\" />\n                  <MenuItem value={2} primaryText=\"v0.2\" />\n                  <MenuItem value={3} primaryText=\"v0.3\" />\n                </DropDownMenu><br/>\n                脅威データベース\n                <DropDownMenu ref=\"tDBVer\" value={this.state.tDBVer} onChange={this.onChangeTDBType}>\n                  <MenuItem value={1} primaryText=\"v0.1\" />\n                  <MenuItem value={2} primaryText=\"v0.2\" />\n                  <MenuItem value={3} primaryText=\"v0.3\" />\n                </DropDownMenu><br/>\n                対策データベース\n                <DropDownMenu ref=\"mDBVer\" value={this.state.mDBVer} onChange={this.onChangeMDBType}>\n                  <MenuItem value={1} primaryText=\"v0.1\" />\n                  <MenuItem value={2} primaryText=\"v0.2\" />\n                  <MenuItem value={3} primaryText=\"v0.3\" />\n                </DropDownMenu>\n            </div>\n            <div style={{float:'left' , width:'40px'}} >\n            　&nbsp;\n            </div>\n            <div>\n               <TextField\n                  ref=\"memo\"\n                  floatingLabelText=\"メモ\"\n                  defaultValue={this.state.memo}\n                  multiLine={true}\n                  rows={20}\n                /> \n            </div>\n        </Dialog> \n      </div>\n    );\n  }\n} \n\n\n\n"]},"hash":"65f2d3547e9a34b90d89c458d065d7e0c1a7468b"}
