{"metadata":{"usedHelpers":["inherits","possibleConstructorReturn","classCallCheck"],"marked":[],"modules":{"imports":[{"source":"react","imported":["default","Component","PropTypes"],"specifiers":[{"kind":"named","imported":"default","local":"React"},{"kind":"named","imported":"Component","local":"Component"},{"kind":"named","imported":"PropTypes","local":"PropTypes"}]},{"source":"react-router","imported":["browserHistory"],"specifiers":[{"kind":"named","imported":"browserHistory","local":"browserHistory"}]},{"source":"material-ui/AppBar","imported":["default"],"specifiers":[{"kind":"named","imported":"default","local":"AppBar"}]},{"source":"material-ui/Drawer","imported":["default"],"specifiers":[{"kind":"named","imported":"default","local":"Drawer"}]},{"source":"material-ui/Menu","imported":["default"],"specifiers":[{"kind":"named","imported":"default","local":"Menu"}]},{"source":"material-ui/MenuItem","imported":["default"],"specifiers":[{"kind":"named","imported":"default","local":"MenuItem"}]},{"source":"material-ui/RaisedButton","imported":["default"],"specifiers":[{"kind":"named","imported":"default","local":"RaisedButton"}]},{"source":"material-ui/Dialog","imported":["default"],"specifiers":[{"kind":"named","imported":"default","local":"Dialog"}]},{"source":"material-ui/FlatButton","imported":["default"],"specifiers":[{"kind":"named","imported":"default","local":"FlatButton"}]},{"source":"material-ui/TextField","imported":["default"],"specifiers":[{"kind":"named","imported":"default","local":"TextField"}]},{"source":"material-ui/DatePicker","imported":["default"],"specifiers":[{"kind":"named","imported":"default","local":"DatePicker"}]}],"exports":{"exported":["Analysis"],"specifiers":[{"kind":"local","local":"Analysis","exported":"default"}]}}},"options":{"filename":"/imports/ui/Analysis.jsx","filenameRelative":"/imports/ui/Analysis.jsx","env":{},"retainLines":false,"highlightCode":true,"suppressDeprecationMessages":false,"presets":[],"plugins":[[[],{"polyfill":false}],[[],null],[[],null],[[],null],[[],null],[[],null],[[],null],[[],null],[[],null],[[],null],[[],null],[[],null],[[],null],[[],null],[[],{"loose":true}],[[],{"loose":true}],[[],null],[[],{"loose":true}],[[],null],[[],null],[[],null],[[],null],[[],null],[[],null],[[],null],[[],{"loose":true}],[[],null],[[],null],[[],null],[[],null],[[],null],[[],null],[[],null],[[],null]],"ignore":[],"code":true,"metadata":true,"ast":false,"comments":true,"compact":false,"minified":false,"sourceMap":true,"sourceMaps":true,"sourceMapTarget":"/imports/ui/Analysis.jsx.map","sourceFileName":"/imports/ui/Analysis.jsx","babelrc":false,"sourceType":"module","moduleIds":false,"passPerPreset":false,"basename":"Analysis"},"ignored":false,"code":"var _classCallCheck;module.import('babel-runtime/helpers/classCallCheck',{\"default\":function(v){_classCallCheck=v}});var _possibleConstructorReturn;module.import('babel-runtime/helpers/possibleConstructorReturn',{\"default\":function(v){_possibleConstructorReturn=v}});var _inherits;module.import('babel-runtime/helpers/inherits',{\"default\":function(v){_inherits=v}});var React,Component,PropTypes;module.import('react',{\"default\":function(v){React=v},\"Component\":function(v){Component=v},\"PropTypes\":function(v){PropTypes=v}});var browserHistory;module.import('react-router',{\"browserHistory\":function(v){browserHistory=v}});var AppBar;module.import('material-ui/AppBar',{\"default\":function(v){AppBar=v}});var Drawer;module.import('material-ui/Drawer',{\"default\":function(v){Drawer=v}});var Menu;module.import('material-ui/Menu',{\"default\":function(v){Menu=v}});var MenuItem;module.import('material-ui/MenuItem',{\"default\":function(v){MenuItem=v}});var RaisedButton;module.import('material-ui/RaisedButton',{\"default\":function(v){RaisedButton=v}});var Dialog;module.import('material-ui/Dialog',{\"default\":function(v){Dialog=v}});var FlatButton;module.import('material-ui/FlatButton',{\"default\":function(v){FlatButton=v}});var TextField;module.import('material-ui/TextField',{\"default\":function(v){TextField=v}});var DatePicker;module.import('material-ui/DatePicker',{\"default\":function(v){DatePicker=v}});\n\n\n\n\n\n\n\n\n\n\n\n\n\n// import { Grid, Row, Col } from 'react-flexbox-grid';\n\n// Task component - represents a single todo item\n\nvar Analysis = function (_Component) {\n  _inherits(Analysis, _Component);\n\n  function Analysis(props) {\n    _classCallCheck(this, Analysis);\n\n    var _this = _possibleConstructorReturn(this, _Component.call(this, props));\n\n    _this.state = {\n      open: false\n    };\n\n    _this.handleOpen = function () {\n      _this.setState({ open: true });\n    };\n\n    _this.handleClose = function () {\n      _this.setState({ open: false });\n    };\n\n    _this.handleDialog = function () {};\n    return _this;\n  }\n\n  Analysis.prototype.render = function render() {\n    var actions = [React.createElement(FlatButton, {\n      label: 'Cancel',\n      primary: true,\n      onTouchTap: this.handleClose\n    }), React.createElement(FlatButton, {\n      label: 'Submit',\n      primary: true,\n      keyboardFocused: true,\n      onTouchTap: this.handleClose\n    })];\n\n    return React.createElement(\n      'div',\n      null,\n      React.createElement(RaisedButton, { label: '新規登録', primary: true, onTouchTap: this.handleOpen }),\n      React.createElement(\n        'h1',\n        null,\n        'Sample App'\n      ),\n      React.createElement(\n        Dialog,\n        {\n          title: 'プロジェクト新規登録',\n          actions: actions,\n          modal: false,\n          open: this.state.open,\n          onRequestClose: this.handleClose,\n          autoScrollBodyContent: true\n        },\n        React.createElement(\n          'div',\n          { style: { float: 'left' } },\n          React.createElement(TextField, {\n            hintText: 'Hint Text',\n            floatingLabelText: 'プロジェクト名'\n          }),\n          React.createElement(DatePicker, { hintText: '開始日', mode: 'landscape' }),\n          React.createElement(DatePicker, { hintText: '終了日', mode: 'landscape' })\n        ),\n        React.createElement(\n          'div',\n          { style: { float: 'left', width: '20' } },\n          '　 '\n        ),\n        React.createElement(\n          'div',\n          null,\n          React.createElement(TextField, {\n            hintText: 'Message Field',\n            floatingLabelText: '概要説明',\n            multiLine: true,\n            rows: 5\n          })\n        )\n      )\n    );\n  };\n\n  return Analysis;\n}(Component);\n\n/* Task.propTypes = {\n  // This component gets the task to display through a React prop.\n  // We can use propTypes to indicate it is required\n  task: PropTypes.object.isRequired,\n}; */\n\n\nmodule.export(\"default\",exports.default=(Analysis));","ast":null,"map":{"version":3,"sources":["/imports/ui/Analysis.jsx"],"names":[],"mappings":";;;AAAA,OAAO,KAAP,IAAgB,SAAhB,EAA2B,SAA3B,QAA4C,OAA5C;AACA,SAAS,cAAT,QAA+B,cAA/B;AACA,OAAO,MAAP,MAAmB,oBAAnB;AACA,OAAO,MAAP,MAAmB,oBAAnB;AACA,OAAO,IAAP,MAAiB,kBAAjB;AACA,OAAO,QAAP,MAAqB,sBAArB;AACA,OAAO,YAAP,MAAyB,0BAAzB;AACA,OAAO,MAAP,MAAmB,oBAAnB;AACA,OAAO,UAAP,MAAuB,wBAAvB;AACA,OAAO,SAAP,MAAsB,uBAAtB;AACA,OAAO,UAAP,MAAuB,wBAAvB;;;;;IAIqB,Q;;;AAEnB,oBAAY,KAAZ,EAAmB;AAAA;;AAAA,iDACjB,sBAAM,KAAN,CADiB;;AAEjB,UAAK,KAAL,GAAa;AACX,YAAM;AADK,KAAb;;AAIA,UAAK,UAAL,GAAkB,YAAM;AACtB,YAAK,QAAL,CAAc,EAAC,MAAM,IAAP,EAAd;AACD,KAFD;;AAIA,UAAK,WAAL,GAAmB,YAAM;AACvB,YAAK,QAAL,CAAc,EAAC,MAAM,KAAP,EAAd;AACD,KAFD;;AAIA,UAAK,YAAL,GAAoB,YAAM,CAEzB,CAFD;AAdiB;AAiBlB;;qBAED,M,qBAAS;AACP,QAAM,UAAU,CACd,oBAAC,UAAD;AACE,aAAM,QADR;AAEE,eAAS,IAFX;AAGE,kBAAY,KAAK;AAHnB,MADc,EAMd,oBAAC,UAAD;AACE,aAAM,QADR;AAEE,eAAS,IAFX;AAGE,uBAAiB,IAHnB;AAIE,kBAAY,KAAK;AAJnB,MANc,CAAhB;;AAcA,WACE;AAAA;AAAA;AACE,0BAAC,YAAD,IAAc,OAAM,MAApB,EAA2B,SAAS,IAApC,EAA0C,YAAY,KAAK,UAA3D,GADF;AAEE;AAAA;AAAA;AAAA;AAAA,OAFF;AAGE;AAAC,cAAD;AAAA;AACE,iBAAM,YADR;AAEE,mBAAS,OAFX;AAGE,iBAAO,KAHT;AAIE,gBAAM,KAAK,KAAL,CAAW,IAJnB;AAKE,0BAAgB,KAAK,WALvB;AAME,iCAAuB;AANzB;AAQI;AAAA;AAAA,YAAK,OAAO,EAAC,OAAM,MAAP,EAAZ;AACI,8BAAC,SAAD;AACE,sBAAS,WADX;AAEE,+BAAkB;AAFpB,YADJ;AAKI,8BAAC,UAAD,IAAY,UAAS,KAArB,EAA2B,MAAK,WAAhC,GALJ;AAMI,8BAAC,UAAD,IAAY,UAAS,KAArB,EAA2B,MAAK,WAAhC;AANJ,SARJ;AAgBI;AAAA;AAAA,YAAK,OAAO,EAAC,OAAM,MAAP,EAAgB,OAAM,IAAtB,EAAZ;AAAA;AAAA,SAhBJ;AAmBI;AAAA;AAAA;AACI,8BAAC,SAAD;AACE,sBAAS,eADX;AAEE,+BAAkB,MAFpB;AAGE,uBAAW,IAHb;AAIE,kBAAM;AAJR;AADJ;AAnBJ;AAHF,KADF;AAkCD,G;;;EAtEmC,S;;;;;;;;;eAAjB,Q","file":"/imports/ui/Analysis.jsx.map","sourcesContent":["import React, { Component, PropTypes } from 'react';\nimport { browserHistory } from 'react-router';\nimport AppBar from 'material-ui/AppBar';\nimport Drawer from 'material-ui/Drawer';\nimport Menu from 'material-ui/Menu';\nimport MenuItem from 'material-ui/MenuItem';\nimport RaisedButton from 'material-ui/RaisedButton';\nimport Dialog from 'material-ui/Dialog';\nimport FlatButton from 'material-ui/FlatButton';\nimport TextField from 'material-ui/TextField';\nimport DatePicker from 'material-ui/DatePicker';\n// import { Grid, Row, Col } from 'react-flexbox-grid';\n\n// Task component - represents a single todo item\nexport default class Analysis extends Component {\n  \n  constructor(props) {\n    super(props);\n    this.state = {\n      open: false,\n    };\n\n    this.handleOpen = () => {\n      this.setState({open: true});\n    };\n\n    this.handleClose = () => {\n      this.setState({open: false});\n    };\n    \n    this.handleDialog = () => {\n\n    };\n  }\n\n  render() {\n    const actions = [\n      <FlatButton\n        label=\"Cancel\"\n        primary={true}\n        onTouchTap={this.handleClose}\n      />,\n      <FlatButton\n        label=\"Submit\"\n        primary={true}\n        keyboardFocused={true}\n        onTouchTap={this.handleClose}\n      />\n    ];\n\n    return (\n      <div>\n        <RaisedButton label=\"新規登録\" primary={true} onTouchTap={this.handleOpen}/> \n        <h1>Sample App</h1>\n        <Dialog\n          title=\"プロジェクト新規登録\"\n          actions={actions}\n          modal={false}\n          open={this.state.open}\n          onRequestClose={this.handleClose}\n          autoScrollBodyContent={true}\n        >\n            <div style={{float:'left'}}>\n                <TextField\n                  hintText=\"Hint Text\"\n                  floatingLabelText=\"プロジェクト名\"\n                />\n                <DatePicker hintText=\"開始日\" mode=\"landscape\" />\n                <DatePicker hintText=\"終了日\" mode=\"landscape\" />\n            </div>\n            <div style={{float:'left' , width:'20'}} >\n            　&nbsp;\n            </div>\n            <div>\n                <TextField\n                  hintText=\"Message Field\"\n                  floatingLabelText=\"概要説明\"\n                  multiLine={true}\n                  rows={5}\n                />\n            </div>\n        </Dialog> \n      </div>\n    );\n  }\n} \n \n/* Task.propTypes = {\n  // This component gets the task to display through a React prop.\n  // We can use propTypes to indicate it is required\n  task: PropTypes.object.isRequired,\n}; */\n\n\n"]},"hash":"692179e14ac5e075ad5a0a58491e14f6cdaedc66"}
