{"metadata":{"usedHelpers":[],"marked":[],"modules":{"imports":[{"source":"react","imported":["default"],"specifiers":[{"kind":"named","imported":"default","local":"React"}]},{"source":"meteor/meteor","imported":["Meteor"],"specifiers":[{"kind":"named","imported":"Meteor","local":"Meteor"}]},{"source":"react-dom","imported":["render"],"specifiers":[{"kind":"named","imported":"render","local":"render"}]},{"source":"material-ui/styles/MuiThemeProvider","imported":["default"],"specifiers":[{"kind":"named","imported":"default","local":"MuiThemeProvider"}]},{"source":"material-ui/RaisedButton","imported":["default"],"specifiers":[{"kind":"named","imported":"default","local":"RaisedButton"}]},{"source":"react-tap-event-plugin","imported":["default"],"specifiers":[{"kind":"named","imported":"default","local":"injectTapEventPlugin"}]}],"exports":{"exported":[],"specifiers":[]}}},"options":{"filename":"/client/main.jsx","filenameRelative":"/client/main.jsx","env":{},"retainLines":false,"highlightCode":true,"suppressDeprecationMessages":false,"presets":[],"plugins":[[[],{"polyfill":false}],[[],null],[[],null],[[],null],[[],null],[[],null],[[],null],[[],null],[[],null],[[],null],[[],null],[[],null],[[],null],[[],null],[[],null],[[],null],[[],{"loose":true}],[[],{"loose":true}],[[],null],[[],{"loose":true}],[[],null],[[],null],[[],null],[[],null],[[],null],[[],null],[[],null],[[],{"loose":true}],[[],null],[[],null],[[],null],[[],null],[[],null],[[],null],[[],null],[[],null]],"ignore":[],"code":true,"metadata":true,"ast":false,"comments":true,"compact":false,"minified":false,"sourceMap":true,"sourceMaps":true,"sourceMapTarget":"/client/main.jsx.map","sourceFileName":"/client/main.jsx","babelrc":false,"sourceType":"module","moduleIds":false,"passPerPreset":false,"basename":"main"},"ignored":false,"code":"var React;module.import('react',{\"default\":function(v){React=v}});var Meteor;module.import('meteor/meteor',{\"Meteor\":function(v){Meteor=v}});var render;module.import('react-dom',{\"render\":function(v){render=v}});var MuiThemeProvider;module.import('material-ui/styles/MuiThemeProvider',{\"default\":function(v){MuiThemeProvider=v}});var RaisedButton;module.import('material-ui/RaisedButton',{\"default\":function(v){RaisedButton=v}});var injectTapEventPlugin;module.import('react-tap-event-plugin',{\"default\":function(v){injectTapEventPlugin=v}});\n\n\n\n\n\n\nvar App = function App() {\n  return React.createElement(\n    MuiThemeProvider,\n    null,\n    React.createElement(RaisedButton, { label: 'Default' })\n  );\n};\n\nMeteor.startup(function () {\n  // Needed for onTouchTap\n  // http://stackoverflow.com/a/34015469/988941\n  injectTapEventPlugin();\n  render(React.createElement(App, null), document.getElementById('render-target'));\n});","ast":null,"map":{"version":3,"sources":["/client/main.jsx"],"names":[],"mappings":"AAAA,OAAO,KAAP,MAAkB,OAAlB;AACA,SAAS,MAAT,QAAuB,eAAvB;AACA,SAAS,MAAT,QAAuB,WAAvB;AACA,OAAO,gBAAP,MAA6B,qCAA7B;AACA,OAAO,YAAP,MAAyB,0BAAzB;AACA,OAAO,oBAAP,MAAiC,wBAAjC;;AAEA,IAAM,MAAM,SAAN,GAAM;AAAA,SACV;AAAC,oBAAD;AAAA;AACE,wBAAC,YAAD,IAAc,OAAM,SAApB;AADF,GADU;AAAA,CAAZ;;AAMA,OAAO,OAAP,CAAe,YAAM;;;AAGnB;AACA,SAAO,oBAAC,GAAD,OAAP,EAAgB,SAAS,cAAT,CAAwB,eAAxB,CAAhB;AACD,CALD","file":"/client/main.jsx.map","sourcesContent":["import React from 'react';\nimport { Meteor } from 'meteor/meteor';\nimport { render } from 'react-dom';\nimport MuiThemeProvider from 'material-ui/styles/MuiThemeProvider';\nimport RaisedButton from 'material-ui/RaisedButton';\nimport injectTapEventPlugin from 'react-tap-event-plugin';\n\nconst App = () => (\n  <MuiThemeProvider>\n    <RaisedButton label=\"Default\" />\n  </MuiThemeProvider>\n);\n\nMeteor.startup(() => {\n  // Needed for onTouchTap\n  // http://stackoverflow.com/a/34015469/988941\n  injectTapEventPlugin();\n  render(<App />, document.getElementById('render-target'));\n});\n"]},"hash":"6dd5c95973431b7caf3e3fc2858cc84bf55a9552"}
