{"metadata":{"usedHelpers":["inherits","possibleConstructorReturn","classCallCheck"],"marked":[],"modules":{"imports":[{"source":"react","imported":["default","Component","PropTypes"],"specifiers":[{"kind":"named","imported":"default","local":"React"},{"kind":"named","imported":"Component","local":"Component"},{"kind":"named","imported":"PropTypes","local":"PropTypes"}]},{"source":"material-ui/AppBar","imported":["default"],"specifiers":[{"kind":"named","imported":"default","local":"AppBar"}]},{"source":"material-ui/Drawer","imported":["default"],"specifiers":[{"kind":"named","imported":"default","local":"Drawer"}]},{"source":"material-ui/Menu","imported":["default"],"specifiers":[{"kind":"named","imported":"default","local":"Menu"}]},{"source":"material-ui/MenuItem","imported":["default"],"specifiers":[{"kind":"named","imported":"default","local":"MenuItem"}]},{"source":"material-ui/RaisedButton","imported":["default"],"specifiers":[{"kind":"named","imported":"default","local":"RaisedButton"}]}],"exports":{"exported":["AppBarSample"],"specifiers":[{"kind":"local","local":"AppBarSample","exported":"default"}]}}},"options":{"filename":"/imports/ui/AppBarSample.jsx","filenameRelative":"/imports/ui/AppBarSample.jsx","env":{},"retainLines":false,"highlightCode":true,"suppressDeprecationMessages":false,"presets":[],"plugins":[[[],{"polyfill":false}],[[],null],[[],null],[[],null],[[],null],[[],null],[[],null],[[],null],[[],null],[[],null],[[],null],[[],null],[[],null],[[],null],[[],null],[[],null],[[],{"loose":true}],[[],{"loose":true}],[[],null],[[],{"loose":true}],[[],null],[[],null],[[],null],[[],null],[[],null],[[],null],[[],null],[[],{"loose":true}],[[],null],[[],null],[[],null],[[],null],[[],null],[[],null],[[],null],[[],null]],"ignore":[],"code":true,"metadata":true,"ast":false,"comments":true,"compact":false,"minified":false,"sourceMap":true,"sourceMaps":true,"sourceMapTarget":"/imports/ui/AppBarSample.jsx.map","sourceFileName":"/imports/ui/AppBarSample.jsx","babelrc":false,"sourceType":"module","moduleIds":false,"passPerPreset":false,"basename":"AppBarSample"},"ignored":false,"code":"var _classCallCheck;module.import('babel-runtime/helpers/classCallCheck',{\"default\":function(v){_classCallCheck=v}});var _possibleConstructorReturn;module.import('babel-runtime/helpers/possibleConstructorReturn',{\"default\":function(v){_possibleConstructorReturn=v}});var _inherits;module.import('babel-runtime/helpers/inherits',{\"default\":function(v){_inherits=v}});var React,Component,PropTypes;module.import('react',{\"default\":function(v){React=v},\"Component\":function(v){Component=v},\"PropTypes\":function(v){PropTypes=v}});var AppBar;module.import('material-ui/AppBar',{\"default\":function(v){AppBar=v}});var Drawer;module.import('material-ui/Drawer',{\"default\":function(v){Drawer=v}});var Menu;module.import('material-ui/Menu',{\"default\":function(v){Menu=v}});var MenuItem;module.import('material-ui/MenuItem',{\"default\":function(v){MenuItem=v}});var RaisedButton;module.import('material-ui/RaisedButton',{\"default\":function(v){RaisedButton=v}});\n\n\n\n\n\n\n\n\n\n/* const AppBarSample = () => (\n  <AppBar\n    title=\"Title\"\n    iconClassNameRight=\"muidocs-icon-navigation-expand-more\"\n  />\n);\n\nexport default AppBarSample; */\n\n// Task component - represents a single todo item\n\nvar AppBarSample = function (_Component) {\n  _inherits(AppBarSample, _Component);\n\n  function AppBarSample(props) {\n    _classCallCheck(this, AppBarSample);\n\n    var _this = _possibleConstructorReturn(this, _Component.call(this, props));\n\n    _this.state = { open: false };\n    _this.handleToggle = function () {\n      return _this.setState({ open: !_this.state.open });\n    };\n    _this.handleClose = function (event) {\n      // console.log(event);\n      _this.setState({ open: false });\n    };\n    _this.handleValue = function (event, value) {\n      console.log(value);\n    };\n    return _this;\n  }\n\n  AppBarSample.prototype.render = function () {\n    function render() {\n      var _this2 = this;\n\n      return React.createElement(\n        'div',\n        null,\n        React.createElement(AppBar, {\n          title: 'Sample',\n          iconClassNameRight: 'muidocs-icon-navigation-expand-more',\n          onLeftIconButtonTouchTap: this.handleToggle\n        }),\n        React.createElement(\n          Drawer,\n          {\n            docked: false,\n            width: 200,\n            open: this.state.open,\n            onRequestChange: function () {\n              function onRequestChange(open) {\n                _this2.setState({ open: open });\n                console.log(open);\n              }\n\n              return onRequestChange;\n            }()\n          },\n          React.createElement(\n            Menu,\n            { onChange: this.handleValue },\n            React.createElement(\n              MenuItem,\n              { onTouchTap: this.handleClose, value: 'aaa' },\n              'プロジェクト登録'\n            ),\n            React.createElement(MenuItem, { onTouchTap: this.handleClose })\n          )\n        )\n      );\n    }\n\n    return render;\n  }();\n\n  return AppBarSample;\n}(Component);\n\n/* Task.propTypes = {\n  // This component gets the task to display through a React prop.\n  // We can use propTypes to indicate it is required\n  task: PropTypes.object.isRequired,\n}; */\n\n\nmodule.export(\"default\",exports.default=(AppBarSample));","ast":null,"map":{"version":3,"sources":["/imports/ui/AppBarSample.jsx"],"names":[],"mappings":";;;AAAA,OAAO,KAAP,IAAgB,SAAhB,EAA2B,SAA3B,QAA4C,OAA5C;AACA,OAAO,MAAP,MAAmB,oBAAnB;AACA,OAAO,MAAP,MAAmB,oBAAnB;AACA,OAAO,IAAP,MAAiB,kBAAjB;AACA,OAAO,QAAP,MAAqB,sBAArB;AACA,OAAO,YAAP,MAAyB,0BAAzB;;;;;;;;;;;;;IAYqB,Y;;;AAEnB,wBAAY,KAAZ,EAAmB;AAAA;;AAAA,iDACjB,sBAAM,KAAN,CADiB;;AAEjB,UAAK,KAAL,GAAa,EAAC,MAAM,KAAP,EAAb;AACA,UAAK,YAAL,GAAoB;AAAA,aAAM,MAAK,QAAL,CAAc,EAAC,MAAM,CAAC,MAAK,KAAL,CAAW,IAAnB,EAAd,CAAN;AAAA,KAApB;AACA,UAAK,WAAL,GAAmB,UAAC,KAAD,EAAW;;AAE5B,YAAK,QAAL,CAAc,EAAC,MAAM,KAAP,EAAd;AACD,KAHD;AAIA,UAAK,WAAL,GAAmB,UAAC,KAAD,EAAO,KAAP,EAAgB;AACjC,cAAQ,GAAR,CAAY,KAAZ;AACD,KAFD;AARiB;AAWlB;;yBAED,M;sBAAS;AAAA;;AACP,aACE;AAAA;AAAA;AACE,4BAAC,MAAD;AACE,iBAAM,QADR;AAEE,8BAAmB,qCAFrB;AAGE,oCAA0B,KAAK;AAHjC,UADF;AAME;AAAC,gBAAD;AAAA;AACE,oBAAQ,KADV;AAEE,mBAAO,GAFT;AAGE,kBAAM,KAAK,KAAL,CAAW,IAHnB;AAIE;AAAiB,uCAAC,IAAD,EAAU;AACzB,uBAAK,QAAL,CAAc,EAAC,UAAD,EAAd;AACA,wBAAQ,GAAR,CAAY,IAAZ;AACD;;AAHD;AAAA;AAJF;AASA;AAAC,gBAAD;AAAA,cAAM,UAAU,KAAK,WAArB;AACE;AAAC,sBAAD;AAAA,gBAAU,YAAY,KAAK,WAA3B,EAAwC,OAAM,KAA9C;AAAA;AAAA,aADF;AAEE,gCAAC,QAAD,IAAU,YAAY,KAAK,WAA3B;AAFF;AATA;AANF,OADF;AAuBD;;;;;;EAvCuC,S;;;;;;;;;eAArB,Y","file":"/imports/ui/AppBarSample.jsx.map","sourcesContent":["import React, { Component, PropTypes } from 'react';\nimport AppBar from 'material-ui/AppBar';\nimport Drawer from 'material-ui/Drawer';\nimport Menu from 'material-ui/Menu';\nimport MenuItem from 'material-ui/MenuItem';\nimport RaisedButton from 'material-ui/RaisedButton';\n\n/* const AppBarSample = () => (\n  <AppBar\n    title=\"Title\"\n    iconClassNameRight=\"muidocs-icon-navigation-expand-more\"\n  />\n);\n\nexport default AppBarSample; */\n\n// Task component - represents a single todo item\nexport default class AppBarSample extends Component {\n  \n  constructor(props) {\n    super(props);\n    this.state = {open: false};\n    this.handleToggle = () => this.setState({open: !this.state.open});\n    this.handleClose = (event) => {\n      // console.log(event);\n      this.setState({open: false});\n    }\n    this.handleValue = (event,value) =>{\n      console.log(value);\n    }\n  }\n  \n  render() {\n    return (\n      <div>\n        <AppBar\n          title=\"Sample\"\n          iconClassNameRight=\"muidocs-icon-navigation-expand-more\"\n          onLeftIconButtonTouchTap={this.handleToggle}\n        />\n        <Drawer\n          docked={false}\n          width={200}\n          open={this.state.open}\n          onRequestChange={(open) => {\n            this.setState({open})\n            console.log(open);\n          }}\n        >\n        <Menu onChange={this.handleValue}>\n          <MenuItem onTouchTap={this.handleClose} value=\"aaa\" >プロジェクト登録</MenuItem>\n          <MenuItem onTouchTap={this.handleClose}></MenuItem>\n        </Menu>\n        </Drawer>\n      </div>\n    );\n  }\n} \n \n/* Task.propTypes = {\n  // This component gets the task to display through a React prop.\n  // We can use propTypes to indicate it is required\n  task: PropTypes.object.isRequired,\n}; */\n\n\n"]},"hash":"71e4e14e9c0dfabc45a0f0e75374d09cddc1df6d"}
