{"metadata":{"usedHelpers":["inherits","possibleConstructorReturn","classCallCheck"],"marked":[],"modules":{"imports":[{"source":"react","imported":["default","Component","PropTypes"],"specifiers":[{"kind":"named","imported":"default","local":"React"},{"kind":"named","imported":"Component","local":"Component"},{"kind":"named","imported":"PropTypes","local":"PropTypes"}]}],"exports":{"exported":["Task"],"specifiers":[{"kind":"local","local":"Task","exported":"default"}]}}},"options":{"filename":"/imports/ui/Task.jsx","filenameRelative":"/imports/ui/Task.jsx","env":{},"retainLines":false,"highlightCode":true,"suppressDeprecationMessages":false,"presets":[],"plugins":[[[],{"polyfill":false}],[[],null],[[],null],[[],null],[[],null],[[],null],[[],null],[[],null],[[],null],[[],null],[[],null],[[],null],[[],null],[[],null],[[],{"loose":true}],[[],{"loose":true}],[[],null],[[],{"loose":true}],[[],null],[[],null],[[],null],[[],null],[[],null],[[],null],[[],null],[[],{"loose":true}],[[],null],[[],null],[[],null],[[],null],[[],null],[[],null],[[],null],[[],null]],"ignore":[],"code":true,"metadata":true,"ast":false,"comments":true,"compact":false,"minified":false,"sourceMap":true,"sourceMaps":true,"sourceMapTarget":"/imports/ui/Task.jsx.map","sourceFileName":"/imports/ui/Task.jsx","babelrc":false,"sourceType":"module","moduleIds":false,"passPerPreset":false,"basename":"Task"},"ignored":false,"code":"var _classCallCheck;module.import('babel-runtime/helpers/classCallCheck',{\"default\":function(v){_classCallCheck=v}});var _possibleConstructorReturn;module.import('babel-runtime/helpers/possibleConstructorReturn',{\"default\":function(v){_possibleConstructorReturn=v}});var _inherits;module.import('babel-runtime/helpers/inherits',{\"default\":function(v){_inherits=v}});var React,Component,PropTypes;module.import('react',{\"default\":function(v){React=v},\"Component\":function(v){Component=v},\"PropTypes\":function(v){PropTypes=v}});\n\n\n\n\n// Task component - represents a single todo item\n\nvar Task = function (_Component) {\n  _inherits(Task, _Component);\n\n  function Task() {\n    _classCallCheck(this, Task);\n\n    return _possibleConstructorReturn(this, _Component.apply(this, arguments));\n  }\n\n  Task.prototype.render = function render() {\n    return React.createElement(\n      'li',\n      null,\n      this.props.task.text\n    );\n  };\n\n  return Task;\n}(Component);\n\nmodule.export(\"default\",exports.default=(Task));\n\n\nTask.propTypes = {\n  // This component gets the task to display through a React prop.\n  // We can use propTypes to indicate it is required\n  task: PropTypes.object.isRequired\n};","ast":null,"map":{"version":3,"sources":["/imports/ui/Task.jsx"],"names":[],"mappings":";;;AAAA,OAAO,KAAP,IAAgB,SAAhB,EAA2B,SAA3B,QAA4C,OAA5C;;;;IAGqB,I;;;;;;;;;iBACnB,M,qBAAS;AACP,WACE;AAAA;AAAA;AAAK,WAAK,KAAL,CAAW,IAAX,CAAgB;AAArB,KADF;AAGD,G;;;EAL+B,S;;eAAb,I;;;AAQrB,KAAK,SAAL,GAAiB;;;AAGf,QAAM,UAAU,MAAV,CAAiB;AAHR,CAAjB","file":"/imports/ui/Task.jsx.map","sourcesContent":["import React, { Component, PropTypes } from 'react';\n \n// Task component - represents a single todo item\nexport default class Task extends Component {\n  render() {\n    return (\n      <li>{this.props.task.text}</li>\n    );\n  }\n}\n \nTask.propTypes = {\n  // This component gets the task to display through a React prop.\n  // We can use propTypes to indicate it is required\n  task: PropTypes.object.isRequired,\n};\n\n"]},"hash":"7900a000b487f835645c8e15c37dc09c6497f67b"}
