{"metadata":{"usedHelpers":["inherits","possibleConstructorReturn","classCallCheck"],"marked":[],"modules":{"imports":[{"source":"react","imported":["default","Component","PropTypes"],"specifiers":[{"kind":"named","imported":"default","local":"React"},{"kind":"named","imported":"Component","local":"Component"},{"kind":"named","imported":"PropTypes","local":"PropTypes"}]},{"source":"react-router","imported":["browserHistory"],"specifiers":[{"kind":"named","imported":"browserHistory","local":"browserHistory"}]},{"source":"material-ui/AppBar","imported":["default"],"specifiers":[{"kind":"named","imported":"default","local":"AppBar"}]},{"source":"material-ui/Drawer","imported":["default"],"specifiers":[{"kind":"named","imported":"default","local":"Drawer"}]},{"source":"material-ui/Menu","imported":["default"],"specifiers":[{"kind":"named","imported":"default","local":"Menu"}]},{"source":"material-ui/MenuItem","imported":["default"],"specifiers":[{"kind":"named","imported":"default","local":"MenuItem"}]},{"source":"material-ui/RaisedButton","imported":["default"],"specifiers":[{"kind":"named","imported":"default","local":"RaisedButton"}]},{"source":"material-ui/Dialog","imported":["default"],"specifiers":[{"kind":"named","imported":"default","local":"Dialog"}]}],"exports":{"exported":["Analysis"],"specifiers":[{"kind":"local","local":"Analysis","exported":"default"}]}}},"options":{"filename":"/imports/ui/Analysis.jsx","filenameRelative":"/imports/ui/Analysis.jsx","env":{},"retainLines":false,"highlightCode":true,"suppressDeprecationMessages":false,"presets":[],"plugins":[[[],{"polyfill":false}],[[],null],[[],null],[[],null],[[],null],[[],null],[[],null],[[],null],[[],null],[[],null],[[],null],[[],null],[[],null],[[],null],[[],null],[[],null],[[],{"loose":true}],[[],{"loose":true}],[[],null],[[],{"loose":true}],[[],null],[[],null],[[],null],[[],null],[[],null],[[],null],[[],null],[[],{"loose":true}],[[],null],[[],null],[[],null],[[],null],[[],null],[[],null],[[],null],[[],null]],"ignore":[],"code":true,"metadata":true,"ast":false,"comments":true,"compact":false,"minified":false,"sourceMap":true,"sourceMaps":true,"sourceMapTarget":"/imports/ui/Analysis.jsx.map","sourceFileName":"/imports/ui/Analysis.jsx","babelrc":false,"sourceType":"module","moduleIds":false,"passPerPreset":false,"basename":"Analysis"},"ignored":false,"code":"var _classCallCheck;module.import('babel-runtime/helpers/classCallCheck',{\"default\":function(v){_classCallCheck=v}});var _possibleConstructorReturn;module.import('babel-runtime/helpers/possibleConstructorReturn',{\"default\":function(v){_possibleConstructorReturn=v}});var _inherits;module.import('babel-runtime/helpers/inherits',{\"default\":function(v){_inherits=v}});var React,Component,PropTypes;module.import('react',{\"default\":function(v){React=v},\"Component\":function(v){Component=v},\"PropTypes\":function(v){PropTypes=v}});var browserHistory;module.import('react-router',{\"browserHistory\":function(v){browserHistory=v}});var AppBar;module.import('material-ui/AppBar',{\"default\":function(v){AppBar=v}});var Drawer;module.import('material-ui/Drawer',{\"default\":function(v){Drawer=v}});var Menu;module.import('material-ui/Menu',{\"default\":function(v){Menu=v}});var MenuItem;module.import('material-ui/MenuItem',{\"default\":function(v){MenuItem=v}});var RaisedButton;module.import('material-ui/RaisedButton',{\"default\":function(v){RaisedButton=v}});var Dialog;module.import('material-ui/Dialog',{\"default\":function(v){Dialog=v}});\n\n\n\n\n\n\n\n\n\n\n\n// Task component - represents a single todo item\n\nvar Analysis = function (_Component) {\n  _inherits(Analysis, _Component);\n\n  function Analysis(props) {\n    _classCallCheck(this, Analysis);\n\n    var _this = _possibleConstructorReturn(this, _Component.call(this, props));\n\n    state = {\n      open: false\n    };\n\n    handleOpen = function handleOpen() {\n      _this.setState({ open: true });\n    };\n\n    handleClose = function handleClose() {\n      _this.setState({ open: false });\n    };\n\n    _this.handleDialog = function () {};\n\n    /*    this.state = {open: false};\n        this.handleToggle = () => this.setState({open: !this.state.open});\n        this.handleClose = (event) => {\n          // console.log(event);\n          this.setState({open: false});\n        }\n        this.handleValue = (event,value) =>{\n          console.log(value);\n          if (value === \"aaa\") browserHistory.push('about'); \n          if (value === \"bbb\") browserHistory.push('users');\n        } */\n    return _this;\n  }\n\n  Analysis.prototype.render = function () {\n    function render() {\n      var actions = [React.createElement(FlatButton, {\n        label: 'Cancel',\n        primary: true,\n        onTouchTap: this.handleClose\n      }), React.createElement(FlatButton, {\n        label: 'Submit',\n        primary: true,\n        keyboardFocused: true,\n        onTouchTap: this.handleClose\n      })];\n\n      return React.createElement(\n        'div',\n        null,\n        React.createElement(RaisedButton, { label: '新規登録', primary: true, onTouchTap: this.handleOpen }),\n        React.createElement(\n          'h1',\n          null,\n          'Sample App'\n        ),\n        React.createElement(Dialog, {\n          title: 'Scrollable Dialog',\n          actions: actions,\n          modal: false,\n          open: this.state.open,\n          onRequestClose: this.handleClose,\n          autoScrollBodyContent: true\n        })\n      );\n    }\n\n    return render;\n  }();\n\n  return Analysis;\n}(Component);\n\n/* Task.propTypes = {\n  // This component gets the task to display through a React prop.\n  // We can use propTypes to indicate it is required\n  task: PropTypes.object.isRequired,\n}; */\n\n\nmodule.export(\"default\",exports.default=(Analysis));","ast":null,"map":{"version":3,"sources":["/imports/ui/Analysis.jsx"],"names":[],"mappings":";;;AAAA,OAAO,KAAP,IAAgB,SAAhB,EAA2B,SAA3B,QAA4C,OAA5C;AACA,SAAS,cAAT,QAA+B,cAA/B;AACA,OAAO,MAAP,MAAmB,oBAAnB;AACA,OAAO,MAAP,MAAmB,oBAAnB;AACA,OAAO,IAAP,MAAiB,kBAAjB;AACA,OAAO,QAAP,MAAqB,sBAArB;AACA,OAAO,YAAP,MAAyB,0BAAzB;AACA,OAAO,MAAP,MAAmB,oBAAnB;;;;IAGqB,Q;;;AAEnB,oBAAY,KAAZ,EAAmB;AAAA;;AAAA,iDACjB,sBAAM,KAAN,CADiB;;AAEjB,YAAQ;AACN,YAAM;AADA,KAAR;;AAIA,iBAAa,sBAAM;AACjB,YAAK,QAAL,CAAc,EAAC,MAAM,IAAP,EAAd;AACD,KAFD;;AAIA,kBAAc,uBAAM;AAClB,YAAK,QAAL,CAAc,EAAC,MAAM,KAAP,EAAd;AACD,KAFD;;AAIA,UAAK,YAAL,GAAoB,YAAM,CAEzB,CAFD;;;;;;;;;;;;;AAdiB;AA6BlB;;qBAED,M;sBAAS;AACP,UAAM,UAAU,CACd,oBAAC,UAAD;AACE,eAAM,QADR;AAEE,iBAAS,IAFX;AAGE,oBAAY,KAAK;AAHnB,QADc,EAMd,oBAAC,UAAD;AACE,eAAM,QADR;AAEE,iBAAS,IAFX;AAGE,yBAAiB,IAHnB;AAIE,oBAAY,KAAK;AAJnB,QANc,CAAhB;;AAcA,aACE;AAAA;AAAA;AACE,4BAAC,YAAD,IAAc,OAAM,MAApB,EAA2B,SAAS,IAApC,EAA0C,YAAY,KAAK,UAA3D,GADF;AAEE;AAAA;AAAA;AAAA;AAAA,SAFF;AAGE,4BAAC,MAAD;AACE,iBAAM,mBADR;AAEE,mBAAS,OAFX;AAGE,iBAAO,KAHT;AAIE,gBAAM,KAAK,KAAL,CAAW,IAJnB;AAKE,0BAAgB,KAAK,WALvB;AAME,iCAAuB;AANzB;AAHF,OADF;AAeD;;;;;;EA/DmC,S;;;;;;;;;eAAjB,Q","file":"/imports/ui/Analysis.jsx.map","sourcesContent":["import React, { Component, PropTypes } from 'react';\nimport { browserHistory } from 'react-router';\nimport AppBar from 'material-ui/AppBar';\nimport Drawer from 'material-ui/Drawer';\nimport Menu from 'material-ui/Menu';\nimport MenuItem from 'material-ui/MenuItem';\nimport RaisedButton from 'material-ui/RaisedButton';\nimport Dialog from 'material-ui/Dialog';\n\n// Task component - represents a single todo item\nexport default class Analysis extends Component {\n  \n  constructor(props) {\n    super(props);\n    state = {\n      open: false,\n    };\n\n    handleOpen = () => {\n      this.setState({open: true});\n    };\n\n    handleClose = () => {\n      this.setState({open: false});\n    };\n    \n    this.handleDialog = () => {\n\n    }\n\n/*    this.state = {open: false};\n    this.handleToggle = () => this.setState({open: !this.state.open});\n    this.handleClose = (event) => {\n      // console.log(event);\n      this.setState({open: false});\n    }\n    this.handleValue = (event,value) =>{\n      console.log(value);\n      if (value === \"aaa\") browserHistory.push('about'); \n      if (value === \"bbb\") browserHistory.push('users');\n    } */\n  }\n  \n  render() {\n    const actions = [\n      <FlatButton\n        label=\"Cancel\"\n        primary={true}\n        onTouchTap={this.handleClose}\n      />,\n      <FlatButton\n        label=\"Submit\"\n        primary={true}\n        keyboardFocused={true}\n        onTouchTap={this.handleClose}\n      />,\n    ];\n\n    return (\n      <div>\n        <RaisedButton label=\"新規登録\" primary={true} onTouchTap={this.handleOpen}/> \n        <h1>Sample App</h1>\n        <Dialog\n          title=\"Scrollable Dialog\"\n          actions={actions}\n          modal={false}\n          open={this.state.open}\n          onRequestClose={this.handleClose}\n          autoScrollBodyContent={true}\n        >\n        </Dialog>\n      </div>\n    );\n  }\n} \n \n/* Task.propTypes = {\n  // This component gets the task to display through a React prop.\n  // We can use propTypes to indicate it is required\n  task: PropTypes.object.isRequired,\n}; */\n\n\n"]},"hash":"7e6514a4efccfbb7ea125e740c7babea96f1e253"}
