{"metadata":{"usedHelpers":["inherits","possibleConstructorReturn","classCallCheck"],"marked":[],"modules":{"imports":[{"source":"react","imported":["default","Component","PropTypes"],"specifiers":[{"kind":"named","imported":"default","local":"React"},{"kind":"named","imported":"Component","local":"Component"},{"kind":"named","imported":"PropTypes","local":"PropTypes"}]},{"source":"react-router","imported":["browserHistory"],"specifiers":[{"kind":"named","imported":"browserHistory","local":"browserHistory"}]},{"source":"material-ui/AppBar","imported":["default"],"specifiers":[{"kind":"named","imported":"default","local":"AppBar"}]},{"source":"material-ui/Drawer","imported":["default"],"specifiers":[{"kind":"named","imported":"default","local":"Drawer"}]},{"source":"material-ui/Menu","imported":["default"],"specifiers":[{"kind":"named","imported":"default","local":"Menu"}]},{"source":"material-ui/MenuItem","imported":["default"],"specifiers":[{"kind":"named","imported":"default","local":"MenuItem"}]},{"source":"material-ui/RaisedButton","imported":["default"],"specifiers":[{"kind":"named","imported":"default","local":"RaisedButton"}]},{"source":"material-ui/Dialog","imported":["default"],"specifiers":[{"kind":"named","imported":"default","local":"Dialog"}]},{"source":"material-ui/FlatButton","imported":["default"],"specifiers":[{"kind":"named","imported":"default","local":"FlatButton"}]},{"source":"material-ui/TextField","imported":["default"],"specifiers":[{"kind":"named","imported":"default","local":"TextField"}]},{"source":"material-ui/DatePicker","imported":["default"],"specifiers":[{"kind":"named","imported":"default","local":"DatePicker"}]},{"source":"material-ui/DropDownMenu","imported":["default"],"specifiers":[{"kind":"named","imported":"default","local":"DropDownMenu"}]},{"source":"./TableProjects","imported":["default"],"specifiers":[{"kind":"named","imported":"default","local":"TableProjects"}]},{"source":"./DialogProjectInfo","imported":["default"],"specifiers":[{"kind":"named","imported":"default","local":"DialogProjectInfo"}]}],"exports":{"exported":["MainProject"],"specifiers":[{"kind":"local","local":"MainProject","exported":"default"}]}}},"options":{"filename":"/imports/ui/projects/MainProject.jsx","filenameRelative":"/imports/ui/projects/MainProject.jsx","env":{},"retainLines":false,"highlightCode":true,"suppressDeprecationMessages":false,"presets":[],"plugins":[[[],{"polyfill":false}],[[],null],[[],null],[[],null],[[],null],[[],null],[[],null],[[],null],[[],null],[[],null],[[],null],[[],null],[[],null],[[],null],[[],null],[[],null],[[],{"loose":true}],[[],{"loose":true}],[[],null],[[],{"loose":true}],[[],null],[[],null],[[],null],[[],null],[[],null],[[],null],[[],null],[[],{"loose":true}],[[],null],[[],null],[[],null],[[],null],[[],null],[[],null],[[],null],[[],null]],"ignore":[],"code":true,"metadata":true,"ast":false,"comments":true,"compact":false,"minified":false,"sourceMap":true,"sourceMaps":true,"sourceMapTarget":"/imports/ui/projects/MainProject.jsx.map","sourceFileName":"/imports/ui/projects/MainProject.jsx","babelrc":false,"sourceType":"module","moduleIds":false,"passPerPreset":false,"basename":"MainProject"},"ignored":false,"code":"var _classCallCheck;module.import('babel-runtime/helpers/classCallCheck',{\"default\":function(v){_classCallCheck=v}});var _possibleConstructorReturn;module.import('babel-runtime/helpers/possibleConstructorReturn',{\"default\":function(v){_possibleConstructorReturn=v}});var _inherits;module.import('babel-runtime/helpers/inherits',{\"default\":function(v){_inherits=v}});var React,Component,PropTypes;module.import('react',{\"default\":function(v){React=v},\"Component\":function(v){Component=v},\"PropTypes\":function(v){PropTypes=v}});var browserHistory;module.import('react-router',{\"browserHistory\":function(v){browserHistory=v}});var AppBar;module.import('material-ui/AppBar',{\"default\":function(v){AppBar=v}});var Drawer;module.import('material-ui/Drawer',{\"default\":function(v){Drawer=v}});var Menu;module.import('material-ui/Menu',{\"default\":function(v){Menu=v}});var MenuItem;module.import('material-ui/MenuItem',{\"default\":function(v){MenuItem=v}});var RaisedButton;module.import('material-ui/RaisedButton',{\"default\":function(v){RaisedButton=v}});var Dialog;module.import('material-ui/Dialog',{\"default\":function(v){Dialog=v}});var FlatButton;module.import('material-ui/FlatButton',{\"default\":function(v){FlatButton=v}});var TextField;module.import('material-ui/TextField',{\"default\":function(v){TextField=v}});var DatePicker;module.import('material-ui/DatePicker',{\"default\":function(v){DatePicker=v}});var DropDownMenu;module.import('material-ui/DropDownMenu',{\"default\":function(v){DropDownMenu=v}});var TableProjects;module.import('./TableProjects',{\"default\":function(v){TableProjects=v}});var DialogProjectInfo;module.import('./DialogProjectInfo',{\"default\":function(v){DialogProjectInfo=v}});\n\n\n\n\n\n\n\n\n\n\n\n\n\n\n// import { Grid, Row, Col } from 'react-flexbox-grid';\n\n\n\n// Task component - represents a single todo item\n\nvar MainProject = function (_Component) {\n  _inherits(MainProject, _Component);\n\n  function MainProject(props) {\n    _classCallCheck(this, MainProject);\n\n    var _this = _possibleConstructorReturn(this, _Component.call(this, props));\n\n    _this.state = {\n      open: false,\n      value: 1\n    };\n\n    _this.handleOpen = function () {\n      _this.setState({ open: true });\n      console.log(_this.state.open);\n    };\n    return _this;\n  }\n\n  MainProject.prototype.render = function () {\n    function render() {\n      var actions = [React.createElement(FlatButton, {\n        label: 'Cancel',\n        primary: true,\n        onTouchTap: this.handleClose\n      }), React.createElement(FlatButton, {\n        label: 'Submit',\n        primary: true,\n        keyboardFocused: true,\n        onTouchTap: this.handleClose\n      })];\n\n      return React.createElement(\n        'div',\n        null,\n        React.createElement(RaisedButton, { label: '新規登録', primary: true, onTouchTap: this.handleOpen }),\n        React.createElement(TableProjects, null),\n        React.createElement(DialogProjectInfo, { initialOpen: this.state.open })\n      );\n    }\n\n    return render;\n  }();\n\n  return MainProject;\n}(Component);\n\nmodule.export(\"default\",exports.default=(MainProject));","ast":null,"map":{"version":3,"sources":["/imports/ui/projects/MainProject.jsx"],"names":[],"mappings":";;;AAAA,OAAO,KAAP,IAAgB,SAAhB,EAA2B,SAA3B,QAA4C,OAA5C;AACA,SAAS,cAAT,QAA+B,cAA/B;AACA,OAAO,MAAP,MAAmB,oBAAnB;AACA,OAAO,MAAP,MAAmB,oBAAnB;AACA,OAAO,IAAP,MAAiB,kBAAjB;AACA,OAAO,QAAP,MAAqB,sBAArB;AACA,OAAO,YAAP,MAAyB,0BAAzB;AACA,OAAO,MAAP,MAAmB,oBAAnB;AACA,OAAO,UAAP,MAAuB,wBAAvB;AACA,OAAO,SAAP,MAAsB,uBAAtB;AACA,OAAO,UAAP,MAAuB,wBAAvB;AACA,OAAO,YAAP,MAAyB,0BAAzB;;AAEA,OAAO,aAAP,MAA0B,iBAA1B;AACA,OAAO,iBAAP,MAA8B,qBAA9B;;;;IAIqB,W;;;AAEnB,uBAAY,KAAZ,EAAmB;AAAA;;AAAA,iDACjB,sBAAM,KAAN,CADiB;;AAGjB,UAAK,KAAL,GAAa;AACX,YAAM,KADK;AAEX,aAAO;AAFI,KAAb;;AAKA,UAAK,UAAL,GAAkB,YAAM;AACtB,YAAK,QAAL,CAAc,EAAC,MAAM,IAAP,EAAd;AACA,cAAQ,GAAR,CAAY,MAAK,KAAL,CAAW,IAAvB;AACD,KAHD;AARiB;AAYlB;;wBAED,M;sBAAS;AACP,UAAM,UAAU,CACd,oBAAC,UAAD;AACE,eAAM,QADR;AAEE,iBAAS,IAFX;AAGE,oBAAY,KAAK;AAHnB,QADc,EAMd,oBAAC,UAAD;AACE,eAAM,QADR;AAEE,iBAAS,IAFX;AAGE,yBAAiB,IAHnB;AAIE,oBAAY,KAAK;AAJnB,QANc,CAAhB;;AAcA,aACE;AAAA;AAAA;AACE,4BAAC,YAAD,IAAc,OAAM,MAApB,EAA2B,SAAS,IAApC,EAA0C,YAAY,KAAK,UAA3D,GADF;AAEE,4BAAC,aAAD,OAFF;AAGE,4BAAC,iBAAD,IAAmB,aAAa,KAAK,KAAL,CAAW,IAA3C;AAHF,OADF;AAOD;;;;;;EAtCsC,S;;eAApB,W","file":"/imports/ui/projects/MainProject.jsx.map","sourcesContent":["import React, { Component, PropTypes } from 'react';\nimport { browserHistory } from 'react-router';\nimport AppBar from 'material-ui/AppBar';\nimport Drawer from 'material-ui/Drawer';\nimport Menu from 'material-ui/Menu';\nimport MenuItem from 'material-ui/MenuItem';\nimport RaisedButton from 'material-ui/RaisedButton';\nimport Dialog from 'material-ui/Dialog';\nimport FlatButton from 'material-ui/FlatButton';\nimport TextField from 'material-ui/TextField';\nimport DatePicker from 'material-ui/DatePicker';\nimport DropDownMenu from 'material-ui/DropDownMenu';\n// import { Grid, Row, Col } from 'react-flexbox-grid';\nimport TableProjects from './TableProjects';\nimport DialogProjectInfo from './DialogProjectInfo';\n\n\n// Task component - represents a single todo item\nexport default class MainProject extends Component {\n  \n  constructor(props) {\n    super(props);\n        \n    this.state = {\n      open: false,\n      value: 1\n    };\n\n    this.handleOpen = () => {\n      this.setState({open: true});\n      console.log(this.state.open);\n    };\n  }\n\n  render() {\n    const actions = [\n      <FlatButton\n        label=\"Cancel\"\n        primary={true}\n        onTouchTap={this.handleClose}\n      />,\n      <FlatButton\n        label=\"Submit\"\n        primary={true}\n        keyboardFocused={true}\n        onTouchTap={this.handleClose}\n      />\n    ];\n\n    return (\n      <div>\n        <RaisedButton label=\"新規登録\" primary={true} onTouchTap={this.handleOpen}/> \n        <TableProjects />\n        <DialogProjectInfo initialOpen={this.state.open}/> \n      </div>\n    );\n  }\n} \n\n\n"]},"hash":"886d54e9281a542bdeaf8c499d369ae3f07c1294"}
